Country,Code,Year,HappinessScore,GDPPerCapita_WB,log_GDPPerCapita_WB,HappinessScore_lag1,HappinessScore_lag2,log_GDPPerCapita_WB_lag1,log_GDPPerCapita_WB_lag2,HappinessScore_target
Afghanistan,AFG,2014,3.575,3017.9426,8.012330619928901,-1.2912132396002851,-1.0716041371672478,-1.417824471452064,-1.4693227107075817,3.36
Afghanistan,AFG,2015,3.36,2967.6921,7.995539859013733,-1.713865723974415,-1.2692215232700357,-1.4081570593523614,-1.3988614926485257,3.794
Afghanistan,AFG,2016,3.794,2958.7854,7.99253412526866,-1.9092856898678303,-1.6907448468379087,-1.423091938889083,-1.3892338661513934,3.632
Afghanistan,AFG,2017,3.632,2952.999,7.990576543105193,-1.5148100377853086,-1.8856427276273557,-1.4257654491384943,-1.4041072821676241,3.203
Afghanistan,AFG,2018,3.203,2902.392,7.973290503577438,-1.662056709760812,-1.4922209589640074,-1.4275066599116293,-1.4067697897603624,2.5669
Afghanistan,AFG,2019,2.5669,2927.245,7.981816986639579,-2.0519877114737195,-1.6390742458844276,-1.4428820749579363,-1.4085038346943775,2.523
Afghanistan,AFG,2020,2.523,2769.6858,7.926489163144872,-2.6301581314960507,-2.0279635056922074,-1.4352980233447699,-1.4238159732251003,2.404
Afghanistan,AFG,2021,2.404,2144.1665,7.6705061777575105,-2.670060161741264,-2.6045892822976358,-1.484510467205844,-1.4162631332806042,1.859
Albania,ALB,2014,4.959,13366.504,9.500507154976441,0.08127117202323368,-0.27750858567164133,-0.1466834060397758,-0.1552959698003469,4.655
Albania,ALB,2015,4.655,13876.762,9.537970921542954,-0.45590650166517693,0.09959615111165983,-0.08446855037999859,-0.13295172520075554,4.644
Albania,ALB,2016,4.644,14643.429,9.591746981401249,-0.7322212441377258,-0.43614639561654045,-0.05114565075147358,-0.07099291071267173,4.586
Albania,ALB,2017,4.586,15359.397,9.639482748118555,-0.7422194749508775,-0.7117229340351064,-0.003313454223820732,-0.037807149299362824,4.719
Albania,ALB,2018,4.719,16170.924,9.690970093795704,-0.7949374192384032,-0.7216944535173573,0.03914608225090586,0.00982819695010915,4.8827
Albania,ALB,2019,4.8827,16761.123,9.726817376564624,-0.6740497194066628,-0.7742715562419521,0.08494253598154662,0.0521129939779101,5.117
Albania,ALB,2020,5.117,16457.719,9.70854988625638,-0.525257866305491,-0.6537068206838292,0.11682762162939034,0.09772097539678148,5.199
Albania,ALB,2021,5.199,18212.795,9.809879648038716,-0.31229554998536463,-0.505312480752516,0.10057923547403841,0.12947484005886156,5.277
Algeria,DZA,2014,5.605,15073.763,9.620710961843834,-0.035071877438892535,-0.06538717123103417,-3.2705702563575214e-05,0.009739571814640831,6.355
Algeria,DZA,2015,6.355,15239.518,9.631647201443895,0.13126232608899155,-0.01643607559089462,0.02244913991943743,0.013095443765278493,5.872
Algeria,DZA,2016,5.872,15511.686,9.649348954324621,0.8129598815311367,0.14945374852291418,0.03217659788497217,0.03548476682118426,5.295
Algeria,DZA,2017,5.295,15427.664,9.64391754050657,0.37394665582639475,0.8293300768581935,0.04792177752263945,0.045172192069312826,5.211
Algeria,DZA,2018,5.211,15343.426,9.63844238766437,-0.1505059968270956,0.39148972141027316,0.04309069741277944,0.06085257344939035,5.0051
Algeria,DZA,2019,5.0051,15199.199,9.628998008077392,-0.2268561230366155,-0.13156180052233504,0.03822071274939683,0.05604137533393112,4.887
Algeria,DZA,2020,4.887,14194.155,9.560585539132392,-0.414004825257333,-0.207707949295886,0.02982021963635665,0.05119143277409626,5.122
Algeria,DZA,2021,5.122,14496.865,9.581687698136033,-0.5213494669876229,-0.3943566639681986,-0.03103062492425388,0.042825511341351014,5.329
Argentina,ARG,2014,6.574,28200.814,10.247106121757838,1.0011084068331686,0.7268953767223444,0.599111212566735,0.6280158692063357,6.65
Argentina,ARG,2015,6.65,28669.207,10.263578898920414,1.0120155677202427,1.0169759434787304,0.5796088959880182,0.6097736244029486,6.599
Argentina,ARG,2016,6.599,27802.105,10.232867016236618,1.0810942533383805,1.0278539647320946,0.5942609384893255,0.590351568333311,6.388
Argentina,ARG,2017,6.388,28334.904,10.251849680561982,1.0347388195683145,1.0967480993367367,0.566943637591183,0.6049433113114585,6.086
Argentina,ARG,2018,6.086,27367.115,10.217097389098633,0.8429545739705906,1.0505165090099375,0.58382814964026,0.577738432979523,5.9747
Argentina,ARG,2019,5.9747,26629.553,10.189776893086925,0.5684576916458872,0.8592446353049453,0.5529170260019455,0.5945534579229453,5.929
Argentina,ARG,2020,5.929,23877.094,10.080674868309197,0.4672937744182729,0.5854811004286066,0.5286162620949487,0.5637695469934089,5.967
Argentina,ARG,2021,5.967,26300.273,10.177334598340119,0.42575567003999815,0.48458745330365116,0.43157327485332847,0.5395687912918127,6.024
Armenia,ARM,2014,4.35,12667.376,9.446785148472472,-1.040348539197576,-0.8757997546066872,-0.19562398768361988,-0.24439012790747613,4.36
Armenia,ARM,2015,4.36,13112.76,9.48134108091598,-1.0094449166841988,-1.019027034442653,-0.1322526680659902,-0.18169089507992445,4.376
Armenia,ARM,2016,4.376,13192.994,9.487441210097044,-1.0003556159449696,-0.9882059742247873,-0.10151619990172366,-0.11858037598581257,4.321
Armenia,ARM,2017,4.321,14243.875,9.564082268734337,-0.9858127347622038,-0.9791409565136496,-0.09609031748115213,-0.08797040174713724,4.559
Armenia,ARM,2018,4.559,15037.045,9.61827210213605,-1.0358038888279617,-0.9646369281758302,-0.027920388548345314,-0.08256684919099604,4.6768
Armenia,ARM,2019,4.6768,16215.36,9.69371422016009,-0.8194785312343206,-1.0144945255870848,0.020279847168099985,-0.014677469144674809,5.283
Armenia,ARM,2020,5.283,15052.936,9.619328334207275,-0.7124065685262077,-0.7987471040620223,0.08738335429184818,0.03332440165236562,5.399
Armenia,ARM,2021,5.399,15921.705,9.675438551653743,-0.16141315771416953,-0.6919611954248278,0.021219333998164443,0.10015174867887502,5.342
Australia,AUS,2014,7.284,55489.07,10.923941343402964,1.7173453050843819,1.7267668302607617,1.1640660685107966,1.1535309226581785,7.313
Australia,AUS,2015,7.313,55879.996,10.930961741788934,1.6573559202054733,1.73129933911633,1.1816335780468543,1.172403445566558,7.284
Australia,AUS,2016,7.284,56529.953,10.942525918252045,1.6837148923492362,1.6714702222228257,1.1878780123952428,1.1898986571654484,7.272
Australia,AUS,2017,7.272,56881.855,10.948731676462927,1.6573559202054733,1.697758773585123,1.1981640014156647,1.1961173929524538,7.228
Australia,AUS,2018,7.228,57647.844,10.962108126905944,1.6464487593183994,1.6714702222228257,1.203683837698356,1.2063610506574223,7.2228
Australia,AUS,2019,7.2228,58048.617,10.969036162552829,1.6064558360657932,1.6605922009694616,1.2155817902095443,1.2118581704147053,7.183
Australia,AUS,2020,7.183,57260.465,10.955365699471384,1.6017293996813948,1.620706123040458,1.2217440706645573,1.2237071576800627,7.162
Australia,AUS,2021,7.162,58327.414,10.973827484802964,1.5655539827392644,1.6159923138306673,1.209584602706906,1.2298440776726702,7.095
Austria,AUT,2014,7.2,60845.574,11.016094359533618,1.7346149764889165,1.6197996212693448,1.2713305239057255,1.277717529247229,7.119
Austria,AUT,2015,7.119,60951.605,11.017835467622595,1.5810057939959534,1.7485228727674906,1.2636009291282195,1.2792264611068231,7.006
Austria,AUT,2016,7.006,61572.625,11.027972651396306,1.5073824580082014,1.5953240734492746,1.2651495926879388,1.2715286769713665,7.139
Austria,AUT,2017,7.139,62535.812,11.043494663627259,1.4046733596549186,1.5218974299890642,1.2741663143997712,1.2730709671074367,7.246
Austria,AUT,2018,7.246,63777.938,11.06316261015745,1.525561059486659,1.4194627298532159,1.287972679936629,1.2820505810904566,7.2942
Austria,AUT,2019,7.2942,64609.285,11.076113410092589,1.6228165773964052,1.5400274654113386,1.305466730006613,1.2958001274324227,7.268
Austria,AUT,2020,7.268,60276.332,11.006694801519425,1.6666270069594866,1.6370231549205054,1.3169860791244214,1.3132221818828707,7.163
Austria,AUT,2021,7.163,62968.855,11.0503955180556,1.6428130390227076,1.6807165402881856,1.2552403034633286,1.3246941238723655,7.097
Azerbaijan,AZE,2014,5.212,20709.201,9.938333373249444,-0.7785766779077918,-0.7778975633264074,0.25251651932912816,0.2570736675309701,5.291
Azerbaijan,AZE,2015,5.291,20678.754,9.936862075356498,-0.22594719296269317,-0.7579545243619056,0.3049647731579817,0.26460531896963985,5.234
Azerbaijan,AZE,2016,5.234,19822.41,9.894568394841128,-0.15414171712278663,-0.2068014475247728,0.3036560976962321,0.3168377254382254,5.201
Azerbaijan,AZE,2017,5.201,19659.004,9.886290731176734,-0.20595073133639002,-0.13518780760678947,0.26603713409756585,0.31553443574479495,5.208
Azerbaijan,AZE,2018,5.208,19781.852,9.892520230722916,-0.23594542377584474,-0.18685840856027106,0.25867439989523777,0.2780702905317948,5.1648
Azerbaijan,AZE,2019,5.1648,20101.492,9.908549320148063,-0.2295829132583842,-0.21677296700702367,0.26421535338545366,0.27073785718079935,5.171
Azerbaijan,AZE,2020,5.171,19126.098,9.85880906881145,-0.2688486924518523,-0.2104274546092272,0.278472748917282,0.27625600723911964,5.173
Azerbaijan,AZE,2021,5.173,20111.375,9.909040854372618,-0.26321332599353,-0.24958833112133982,0.2342302833380425,0.2904547273915944,4.893
Bahrain,BHR,2014,5.96,55065.82,10.91628447598004,-0.13505418557040666,0.11591318299170635,1.1659109315567138,1.1514541070824607,6.218
Bahrain,BHR,2015,6.218,54149.914,10.899511664246896,0.45393250233160654,-0.11615127041340174,1.1748230235301316,1.174240716199202,6.087
Bahrain,BHR,2016,6.087,54107.074,10.898720214142331,0.6884364614037045,0.47126187726827934,1.1599041092538689,1.1831161310406564,6.105
Bahrain,BHR,2017,6.105,53859.773,10.894139151726185,0.5693666217198096,0.7051393342156154,1.1592001380621688,1.1682586145808989,6.199
Bahrain,BHR,2018,6.199,54893.074,10.91314246289075,0.5857273630504217,0.5863876021997197,1.1551254200859544,1.167557540536622,6.2273
Bahrain,BHR,2019,6.2273,56749.96,10.946410230497586,0.67116678999917,0.602704634079767,1.172028296880849,1.1634995917958881,6.647
Bahrain,BHR,2020,6.647,53814.246,10.893293506636757,0.6968895110911868,0.6879158005644549,1.2016189809584772,1.1803329059062173,6.647
Bahrain,BHR,2021,6.647,54954.676,10.914264051752749,1.0783674631166118,0.7135698006869725,1.1543732440764678,1.2098018114577667,6.173
Bangladesh,BGD,2014,4.694,5068.6396,8.530827737108645,-0.5967906631232197,-0.573934664825823,-1.0348012473454797,-1.0648875154562907,4.643
Bangladesh,BGD,2015,4.643,5352.7114,8.58535851524673,-0.6967729712547346,-0.5766541701391643,-0.9469693845149819,-1.0174145755838213,4.608
Bangladesh,BGD,2016,4.608,5682.5356,8.645152820555293,-0.7431284050248006,-0.6763693649616722,-0.8984658886549299,-0.9299441790435309,4.5
Bangladesh,BGD,2017,4.5,6005.707,8.700465462804486,-0.7749409576121008,-0.7226009552884713,-0.8452806428356892,-0.8816402961501817,4.456
Bangladesh,BGD,2018,4.456,6392.5933,8.762895302287616,-0.8731054055957694,-0.7543285172774512,-0.7960817022383512,-0.8286739307335707,4.8328
Bangladesh,BGD,2019,4.8328,6838.326,8.830298243821543,-0.9130983288483749,-0.8522307085577311,-0.7405522276131056,-0.7796774651602928,5.025
Bangladesh,BGD,2020,5.025,7015.1978,8.855834188860353,-0.5706134769942417,-0.8921167864867338,-0.6805993274845291,-0.7243765184580938,5.155
Bangladesh,BGD,2021,5.155,7441.0693,8.91476984061824,-0.39591711678626745,-0.55054691913109,-0.6578858682829014,-0.6646703505710785,4.282
Belarus,BLR,2014,5.813,26564.436,10.187328607716694,0.039460388622781874,0.11410017944947913,0.503191074763055,0.49786026049074084,5.802
Belarus,BLR,2015,5.802,25513.213,10.14695175381235,0.32031978146494583,0.05789706964042912,0.5264385854988335,0.5142482396564251,5.569
Belarus,BLR,2016,5.569,24846.83,10.120485457995263,0.3103215506517943,0.33800611691456434,0.49052458182861214,0.5374000767813815,5.483
Belarus,BLR,2017,5.483,25503.98,10.146589797398919,0.09854084342776814,0.3280345974323135,0.46698360344124445,0.5016338748456881,5.323
Belarus,BLR,2018,5.323,26363.463,10.179734353280596,0.02037285707040189,0.11681968476282034,0.49020263242682743,0.47818977781607963,5.5399
Belarus,BLR,2019,5.5399,26798.82,10.196113135678859,-0.12505595475725506,0.03886053244704138,0.5196837233608183,0.5013132504056217,5.534
Belarus,BLR,2020,5.534,26731.496,10.193597774645056,0.0720909782766132,-0.10617975093115087,0.5342521603311318,0.5306730138369528,5.821
Belgium,BEL,2014,6.937,57002.91,10.950857598145125,1.3692250867719264,1.5164584193623825,1.1954357246208789,1.2072278993380126,6.929
Belgium,BEL,2015,6.929,57509.023,10.959697136213643,1.3419571845542413,1.3841091607797806,1.2055747814375084,1.2036440019074472,6.891
Belgium,BEL,2016,6.891,57901.496,10.966498500878423,1.3346857439628583,1.3569141076463702,1.2134372861137745,1.2137413320985038,6.927
Belgium,BEL,2017,6.927,58529.332,10.977283309269515,1.3001464011537895,1.3496620934774606,1.21948689651958,1.22157147915072,6.923
Belgium,BEL,2018,6.923,59357.69,10.99133696198971,1.332867883815012,1.3152150261751394,1.2290796609548162,1.227596192780343,6.8635
Belgium,BEL,2019,6.8635,60479.977,11.010067630562338,1.329232163519321,1.3478490899352324,1.241579964632979,1.2371494788205926,6.834
Belgium,BEL,2020,6.834,57333.543,10.956641124097537,1.2751508241209109,1.344223082850778,1.258240333998476,1.2495983383160703,6.805
Belgium,BEL,2021,6.805,60669.215,11.013191682003121,1.2483373869401861,1.2902862274695126,1.2107190547574112,1.2661901430204756,6.859
Benin,BEN,2014,3.34,2987.3823,8.002152797974125,-1.7565854374487895,-1.765077992069233,-1.4812917476980465,-1.4774045331912176,3.484
Benin,BEN,2015,3.484,2952.0022,7.990238930977538,-1.9274642913462874,-1.7333504300802531,-1.4172099275105563,-1.4620675734677588,3.657
Benin,BEN,2016,3.657,2962.6638,7.993844075054128,-1.7965783607013954,-1.90377276304963,-1.4278069557994766,-1.3982494778224386,4.141
Benin,BEN,2017,4.141,3041.7793,8.02019791923397,-1.6393334579127405,-1.7732365080092563,-1.4246002879916015,-1.4088028947341278,4.883
Benin,BEN,2018,4.883,3155.4512,8.056886775843704,-1.1994113021340762,-1.616411701606585,-1.4011593319715616,-1.405609423758007,5.216
Benin,BEN,2019,5.216,3281.1047,8.0959354434547,-0.5249851872833139,-1.1776648443875515,-1.3685256915680806,-1.3822649374602116,5.045
Benin,BEN,2020,5.045,3317.8596,8.107075155207722,-0.2223114726670013,-0.5050405302211818,-1.333793069872964,-1.3497655986706607,4.623
Benin,BEN,2021,4.623,3464.2886,8.15026258029966,-0.37773851530781066,-0.20317544044031757,-1.3238846295142606,-1.3151759168097765,4.374
Bolivia,BOL,2014,5.89,10790.848,9.286453646452276,0.3603127047175521,0.17483579811409758,-0.35289981205060544,-0.3683993718203937,5.822
Bolivia,BOL,2015,5.822,11144.642,9.31871412327623,0.390307397157006,0.37789219484356784,-0.2748627427797621,-0.33831946107231564,5.823
Bolivia,BOL,2016,5.823,11448.021,9.345572155616155,0.3285001521302519,0.4078067532903197,-0.2461680137203011,-0.26060354825903753,5.752
Bolivia,BOL,2017,5.752,11755.256,9.372055738703857,0.32940908220417503,0.346164632854588,-0.22227859741470707,-0.2320269104813435,5.779
Bolivia,BOL,2018,5.779,11920.313,9.385999198663857,0.2648750469556514,0.347071134625702,-0.19872224251727857,-0.2082358095069849,5.7475
Bolivia,BOL,2019,5.7475,11930.916,9.38688829336824,0.28941615895156875,0.2827095088766283,-0.1863199520028815,-0.18477639924833764,5.716
Bolivia,BOL,2020,5.716,10285.659,9.238505873928434,0.2607848616229984,0.30718505669669854,-0.18552912886069062,-0.17242514954985683,5.6
Bolivia,BOL,2021,5.6,11202.441,9.323886979964884,0.23215356429442882,0.27863025090661653,-0.317510852077228,-0.17163758098861423,5.684
Bosnia and Herzegovina,BIH,2014,4.949,13458.853,9.507392384114482,-0.5886102924579144,-0.5286095762701379,-0.13509743561165305,-0.13123841137143072,5.163
Bosnia and Herzegovina,BIH,2015,5.163,14220.09,9.562411032451127,-0.4649958024044053,-0.5684956541991414,-0.07834434503404153,-0.12141343607659409,5.182
Bosnia and Herzegovina,BIH,2016,5.182,14873.641,9.60734586489559,-0.27048476658491283,-0.44521141332767733,-0.02940690322705708,-0.06489390913349741,5.129
Bosnia and Herzegovina,BIH,2017,5.129,15554.659,9.652115486879934,-0.2532150951803784,-0.2512200343093439,0.010561286002209543,-0.016157866169394765,5.386
Bosnia and Herzegovina,BIH,2018,5.386,16349.0,9.701922012375412,-0.30138838909829074,-0.2339965006581834,0.050382525469487564,0.023645836589683975,5.6741
Bosnia and Herzegovina,BIH,2019,5.6741,17029.297,9.742690492710736,-0.06779336010011514,-0.28204109452721055,0.09468393993043914,0.06330319434891397,5.813
Bosnia and Herzegovina,BIH,2020,5.813,16747.035,9.725976506658847,0.19406939419706093,-0.049070139350987654,0.1309462835954731,0.10742228923448492,5.768
Bosnia and Herzegovina,BIH,2021,5.768,18286.662,9.81392722062841,0.32031978146494583,0.212093020906871,0.11607969300291132,0.14353539759451203,5.633
Botswana,BWA,2014,4.332,17052.193,9.744034096141482,-1.3548383447748853,-0.7788040650975205,0.015569194894229152,0.045009482947555066,3.974
Botswana,BWA,2015,3.974,15994.964,9.68002920167774,-1.02580565801481,-1.332676647247995,0.1321413786530881,0.028633135760008522,3.766
Botswana,BWA,2016,3.766,16905.588,9.735399497145782,-1.3512026244791937,-1.0045230061048338,0.07521093974051894,0.14472557431653674,3.59
Botswana,BWA,2017,3.59,17352.896,9.761514687872522,-1.540260079855149,-1.32905064016354,0.12446116115132025,0.08802942890396227,3.488
Botswana,BWA,2018,3.488,17825.02,9.788358367301502,-1.7002317728655725,-1.517603008555191,0.1476898420641685,0.1370769642478676,3.4789
Botswana,BWA,2019,3.4789,18106.01,9.803999206338338,-1.792942640405704,-1.6771473202712035,0.17156649188484566,0.16021004904279923,3.467
Botswana,BWA,2020,3.467,16289.392,9.698269377388195,-1.801213904078402,-1.7696105009248013,0.18547855031082042,0.18398843607187512,3.471
Botswana,BWA,2021,3.471,17960.625,9.795937140805266,-1.812030171958084,-1.7778596670419362,0.0914350303782566,0.1978432403307819,3.435
Brazil,BRA,2014,6.983,19183.172,9.86178871536836,1.2619713380490294,1.1393536825790807,0.22045718575581125,0.22301059316267172,6.952
Brazil,BRA,2015,6.952,18357.068,9.817769956432771,1.3837679679546924,1.277141951788364,0.23688058981398497,0.23267792348803382,6.635
Brazil,BRA,2016,6.635,17620.928,9.776842565526673,1.3555911356630839,1.3986131891176001,0.19772722056642938,0.24903373810034843,6.419
Brazil,BRA,2017,6.419,17724.48,9.782702013875488,1.067460302229537,1.3705116342130754,0.16132353070251684,0.210041501984608,6.3
Brazil,BRA,2018,6.3,17917.75,9.793547120610137,0.8711314062621991,1.0831505727700306,0.16653533472279441,0.17378762912674448,6.3756
Brazil,BRA,2019,6.3756,18018.621,9.799161002151928,0.7629687274653789,0.8873461902094699,0.17618173273079388,0.1789779843082546,6.33
Brazil,BRA,2020,6.33,17327.516,9.760051037179393,0.8316838410539477,0.7794724794469392,0.18117511242237958,0.1885846831958045,6.293
Brazil,BRA,2021,6.293,18075.705,9.8023240504157,0.790236629683065,0.8480040133431358,0.14638796855788969,0.1935575129596698,6.125
Bulgaria,BGR,2014,4.218,23455.482,10.062859520540751,-1.344840113961734,-1.4061032907082054,0.3834193850357258,0.38323032203125873,4.217
Bulgaria,BGR,2015,4.217,24562.648,10.108982194038758,-1.129423686442016,-1.3227051277657444,0.41572705596123666,0.394969462489099,4.714
Bulgaria,BGR,2016,4.714,25636.744,10.151781913891247,-1.1303326165159393,-1.1078642080117962,0.4567517942732439,0.4271441733067589,4.933
Bulgaria,BGR,2017,4.933,26691.758,10.192110107595465,-0.678594369776277,-1.10877070978291,0.49482086472406006,0.46800007698989127,5.011
Bulgaria,BGR,2018,5.011,27690.895,10.228858937780615,-0.4795386835871711,-0.6582393295393977,0.5306915866019448,0.5059124766697133,5.1015
Bulgaria,BGR,2019,5.1015,29149.922,10.280207515960306,-0.40864213782118775,-0.4597154416654966,0.5633785717066429,0.5416355749364572,5.266
Bulgaria,BGR,2020,5.266,28521.207,10.258403194810837,-0.32638396613116927,-0.3890083035186273,0.6090515958995391,0.5741880388905943,5.371
Bulgaria,BGR,2021,5.371,30958.982,10.340418446026115,-0.17686496897085846,-0.3069698932328373,0.5896573045155714,0.6196730987379157,5.466
Burkina Faso,BFA,2014,3.587,2083.1985,7.641659731967908,-1.0921575534111785,-1.372562725176998,-1.772481770970369,-1.7807228202294565,3.739
Burkina Faso,BFA,2015,3.739,2101.7026,7.650503057126382,-1.7029585630873407,-1.070697635396134,-1.7378577255363465,-1.7520592232334098,4.032
Burkina Faso,BFA,2016,4.032,2162.7258,7.679124649540015,-1.5648011918510663,-1.6798668255845444,-1.7299918523568556,-1.7175776707951145,4.424
Burkina Faso,BFA,2017,4.424,2232.2878,7.710782257841142,-1.298484680191668,-1.5420785563752613,-1.7045338021227774,-1.7097441691025281,4.587
Burkina Faso,BFA,2018,4.587,2316.3943,7.747767074633705,-0.9421840912139064,-1.2764735374389453,-1.6763753065794977,-1.684390889810082,4.7687
Burkina Faso,BFA,2019,4.7687,2391.5364,7.779691283577382,-0.7940284891644808,-0.9211248431623724,-1.6434784184470694,-1.656348278714585,4.834
Burkina Faso,BFA,2020,4.834,2380.9316,7.775247118648771,-0.6288758947326969,-0.7733650544708389,-1.615082789607627,-1.6235867755749076,4.67
Burkina Faso,BFA,2021,4.67,2486.431,7.818603627920574,-0.5695227609055344,-0.6086536826594784,-1.6190357413639802,-1.5953080070898278,4.638
Burundi,BDI,2014,2.906,1019.1761,6.926749834778428,-1.5947958842905205,-1.5973751644131973,-2.3913377500081916,-2.37509594822251,2.905
Burundi,BDI,2015,2.905,992.2858,6.900011170629353,-2.3219399434288084,-1.5719931148220134,-2.373748692484094,-2.3683683409420215,2.905
Burundi,BDI,2016,2.905,1006.5591,6.914292961686842,-2.3228488735027315,-2.297194531712978,-2.397531934354838,-2.3508516700344275,2.905
Burundi,BDI,2017,2.905,1020.84985,6.928390745645821,-2.3228488735027315,-2.298101033484092,-2.384828708450434,-2.374537033527882,3.775
Burundi,BDI,2018,3.775,1043.4056,6.950245257643086,-2.3228488735027315,-2.298101033484092,-2.3722891513555635,-2.3618860869193212,3.7753
Burundi,BDI,2019,3.7753,1054.726,6.961036296538409,-1.5320797091898433,-2.298101033484092,-2.3528502167139456,-2.349398135552006,3.775
Cambodia,KHM,2014,3.819,4702.7305,8.455898576454512,-1.2666721276043678,-1.2139249152320997,-1.122869620286403,-1.1571331388760016,3.907
Cambodia,KHM,2015,3.907,4968.5728,8.510887914873624,-1.4920867859372373,-1.2447459754499655,-1.01361663140337,-1.1051205088926375,4.168
Cambodia,KHM,2016,4.168,5283.7295,8.57238747205327,-1.4121009394320256,-1.4695584146861647,-0.9647052598912221,-0.9963171435438548,4.433
Cambodia,KHM,2017,4.433,5632.0312,8.636225437595261,-1.1748701901381589,-1.3897862588281586,-0.9100032435454358,-0.9476070635839944,4.7
Cambodia,KHM,2018,4.7,6050.591,8.707911232204339,-0.9340037205486013,-1.1531892965674813,-0.8532212829150679,-0.8931301698107936,4.8484
Cambodia,KHM,2019,4.8484,6448.885,8.771662526629331,-0.6913193908111972,-0.9129663272223495,-0.789458913098131,-0.8365818916277554,4.83
Cambodia,KHM,2020,4.83,6128.782,8.720751314244898,-0.556434167841045,-0.6709303543349897,-0.7327540438335575,-0.77308193167587,4.64
Cambodia,KHM,2021,4.64,6225.5327,8.736414291968826,-0.5731584812012255,-0.5364054915017161,-0.7780380442354133,-0.7166104275941496,4.393
Cameroon,CMR,2014,4.252,4588.4863,8.431305466529428,-0.9458198115095983,-0.9646369281758302,-1.076424477651881,-1.074006088090464,4.513
Cameroon,CMR,2015,4.513,4698.667,8.45503413044996,-1.098520063928639,-0.9247508502468276,-1.0354914669763469,-1.0588665082066662,4.695
Cameroon,CMR,2016,4.695,4767.132,8.469500145192757,-0.8612893146347723,-1.0770431477939304,-1.0143855302644293,-1.018101954660915,4.975
Cameroon,CMR,2017,4.975,4797.9756,8.475949357934438,-0.6958640411808115,-0.840446185533253,-1.0015184429030133,-0.9970828780519115,5.044
Cameroon,CMR,2018,5.044,4851.48,8.487039092020497,-0.4413636204824111,-0.6754628631905581,-0.9957820610981439,-0.9842687443474535,5.0849
Cameroon,CMR,2019,5.0849,4882.3555,8.493383066818767,-0.37864744538173384,-0.4216423672787212,-0.985918074379117,-0.9785559702469342,5.142
Cameroon,CMR,2020,5.142,4763.482,8.46873419240557,-0.34147220535828826,-0.3590937450718755,-0.9802752985767075,-0.9687325781204742,5.048
Cameroon,CMR,2021,5.048,4793.556,8.475027794935512,-0.28957229813729285,-0.3220178226333244,-1.0021997349936607,-0.9631130247930302,4.973
Canada,CAN,2014,7.427,55723.46,10.928156522161116,1.832779424472586,1.8663681030122723,1.1580108971250418,1.1605563105236314,7.404
Canada,CAN,2015,7.404,55660.844,10.927032198457551,1.7873329207764421,1.8464250640477713,1.1853828534547288,1.166373193842835,7.316
Canada,CAN,2016,7.316,55606.133,10.926048779910836,1.7664275290762166,1.8010999754920853,1.1843828011546664,1.1936325026754593,7.328
Canada,CAN,2017,7.328,56612.305,10.94398164338956,1.686441682571005,1.7802504347564705,1.183508079776429,1.1926365660252678,7.278
Canada,CAN,2018,7.278,57337.47,10.956709615687501,1.6973488434580797,1.7004782788984643,1.1994588253773182,1.191765444505685,7.2321
Canada,CAN,2019,7.2321,57583.824,10.960996973909584,1.651902339761936,1.711356300151829,1.2107799759777513,1.2076505458556999,7.103
Canada,CAN,2020,7.103,54092.86,10.89845747830588,1.610182449368877,1.666031211596143,1.2145934528595366,1.2189251050008623,7.025
Canada,CAN,2021,7.025,56995.094,10.950720472936998,1.4928395768254357,1.6244227803020244,1.1589664423954154,1.2227228877678147,6.961
Chad,TCD,2014,3.667,2820.678,7.944732560566488,-1.2766703584175194,-1.378908237574794,-1.4478351648446033,-1.47447238860567,3.763
Chad,TCD,2015,3.763,2822.5793,7.945406391289017,-1.6302441571735122,-1.2547174949322164,-1.4682835109524066,-1.4287486789941055,3.936
Chad,TCD,2016,3.936,2622.598,7.871920708495035,-1.5429868700769176,-1.6073466838954482,-1.467684158682431,-1.449112871270141,4.301
Chad,TCD,2017,4.301,2496.2622,7.822549772049078,-1.3857419672882627,-1.5203225138685323,-1.5330474751960022,-1.448515985595255,4.35
Chad,TCD,2018,4.35,2552.3704,7.844777774998565,-1.0539824903064186,-1.3634977074658612,-1.576961446228095,-1.5136103036522932,4.4227
Chad,TCD,2019,4.4227,2604.5315,7.865008091564019,-1.0094449166841988,-1.0326245610093583,-1.5571903025574956,-1.557343549607111,4.355
Chad,TCD,2020,4.355,2513.0293,7.829244196846892,-0.9433657003100067,-0.9882059742247873,-1.5391960411645025,-1.5376537727859154,4.251
Chad,TCD,2021,4.251,2435.0728,7.797731932400369,-1.0049002663145838,-0.9223032954648207,-1.571006955634839,-1.5197335655994613,4.397
Chile,CHL,2014,6.67,27511.56,10.222361558962985,1.0238316586812397,0.623554174815382,0.53019332331046,0.4967269230182961,6.705
Chile,CHL,2015,6.705,27817.959,10.233437098300147,1.0992728548168373,1.0396384877565725,0.5575993476181099,0.5411393622149787,6.652
Chile,CHL,2016,6.652,27965.348,10.238721451304848,1.1310854074041374,1.1148781347590104,0.5674507085326292,0.5684325988210295,6.476
Chile,CHL,2017,6.476,27899.598,10.2363675591035,1.082912113486226,1.1466056967479903,0.5721509824483527,0.5782434171036551,6.444
Chile,CHL,2018,6.444,28499.406,10.257638523934279,0.9229404204758024,1.098561102878964,0.5700572657521794,0.5829243473493195,6.2285
Chile,CHL,2019,6.2285,28227.979,10.24806892817826,0.8938546581102709,0.9390167911629516,0.5889771526460801,0.5808392472073501,6.172
Chile,CHL,2020,6.172,26258.404,10.175741369162884,0.6979802271798948,0.9100087344873129,0.5804652834965311,0.5996812705434679,6.172
Chile,CHL,2021,6.172,29106.635,10.27872143404282,0.6466256780032527,0.7146576028123097,0.5161320834386395,0.5912044314350118,6.334
China,CHN,2014,5.14,13968.519,9.544561433746491,-0.43863683026064243,-0.6890603897572642,-0.16438469954175935,-0.21157726973662194,5.245
China,CHN,2015,5.245,14857.108,9.606233682911599,-0.29139015828513914,-0.4189228619653799,-0.045283587302269966,-0.1505801701864053,5.273
China,CHN,2016,5.273,15772.837,9.666044562318817,-0.19595250052323843,-0.27206957504495966,0.009572033398486345,-0.03196921078910118,5.246
China,CHN,2017,5.246,16758.047,9.726633839799923,-0.17050245845339873,-0.17688688907802017,0.06277202138266517,0.02266065519038731,5.191
China,CHN,2018,5.191,17807.049,9.787349669124378,-0.19504357044931528,-0.1515048394868368,0.11666437116771063,0.07564170210152028,5.1239
China,CHN,2019,5.1239,18820.588,9.842706656009437,-0.24503472451507313,-0.17598038730690618,0.17066928503160264,0.12931226144378577,5.339
China,CHN,2020,5.339,19215.102,9.863451811337704,-0.306023932475297,-0.22583798471816052,0.2199076688559688,0.18309492161478924,5.585
China,CHN,2021,5.585,20843.297,9.944787688728432,-0.11051307357448929,-0.2866642535598901,0.23835986392703076,0.2321306680890726,5.818
Colombia,COL,2014,6.477,16480.363,9.709924829919908,0.8684046160404312,0.6906353058777961,0.03450590997710075,0.022378121408842197,6.481
Colombia,COL,2015,6.481,16821.38,9.730405975345722,0.9238493505497256,0.8846266848961295,0.101802206731167,0.04749191802978549,6.357
Colombia,COL,2016,6.357,17003.244,9.741159428363272,0.9274850708454166,0.9399232929340655,0.1200195728918796,0.11451126127349137,6.26
Colombia,COL,2017,6.26,16986.033,9.740146697114472,0.8147777416789822,0.9435493000185199,0.1295844476603494,0.1326536550545771,6.125
Colombia,COL,2018,6.125,17104.13,9.747075233797215,0.7266115245084644,0.8311430804004207,0.12868365351050054,0.14217916620616072,6.1634
Colombia,COL,2019,6.1634,17336.771,9.760585016154348,0.6039059645288785,0.7432124086023909,0.13484637962192078,0.14128207921575373,6.012
Colombia,COL,2020,6.012,15861.5,9.671650068270258,0.6388088793675165,0.6208346695020408,0.146862926882077,0.14741944303069893,5.781
Colombia,COL,2021,5.781,17383.09,9.763253173580381,0.5011968661755949,0.6556443375128073,0.06775795123719185,0.15938653697608698,5.63
Comoros,COM,2014,3.956,3403.4128,8.132533971875201,-1.4630010235717057,-1.5774321254486956,-1.3204958438011039,-1.3117459991059575,3.956
Comoros,COM,2015,3.956,3370.5557,8.122832905894967,-1.3675633658098054,-1.440550358010526,-1.3012397736916284,-1.3019334146026205,3.973
Comoros,COM,2018,3.973,3528.9587,8.168758120574768,-1.3675633658098054,-1.345367672043587,-1.3098685816726712,-1.2827565915909764,4.2886
Comoros,COM,2019,4.2886,3522.6687,8.166974134748116,-1.3521115545531168,-1.345367672043587,-1.2690194770724563,-1.291349888276809,4.289
Comoros,COM,2020,4.289,3447.4727,8.145396690854378,-1.0652532232230623,-1.329957141934654,-1.270606279097146,-1.250668895496409,4.609
Comoros,COM,2021,4.609,3449.0435,8.145852225208712,-1.064889651193493,-1.0438651829711687,-1.2897987699491973,-1.2522491671410896,3.545
Congo,COG,2014,3.989,9159.257,9.122520340841177,-1.0576182106021104,-1.468651912915051,-0.428437444022258,-0.4727764102379569,4.236
Congo,COG,2015,4.236,8977.707,9.102499783478525,-1.3375686733703511,-1.0362505680938137,-0.4206765140393221,-0.41354622285722803,4.291
Congo,COG,2016,4.291,8001.8257,8.987425007125461,-1.1130629451114047,-1.3154531135968348,-0.4384842008963916,-0.4058172324743312,4.559
Congo,COG,2017,4.559,7372.7705,8.905548830419882,-1.0630717910456469,-1.0915471761317497,-0.5408397719888015,-0.4235516329601686,4.812
Congo,COG,2018,4.812,7029.3364,8.8578475849011,-0.8194785312343206,-1.0416895787204952,-0.6136661818342597,-0.5254859663903848,5.1944
Congo,COG,2019,5.1944,6939.369,8.844966127176976,-0.5895192225318368,-0.7987471040620223,-0.6560950127356047,-0.5980126639065397,5.342
Congo,COG,2020,5.342,6350.5093,8.756290293394919,-0.24194436226373536,-0.5694021559702547,-0.6675526840310945,-0.6402668817277392,5.075
Congo,COG,2021,5.075,6263.2114,8.742448335747879,-0.10778628335272142,-0.22275587869637387,-0.7464271854336464,-0.6516773997259615,5.267
Costa Rica,CRI,2014,7.226,20735.193,9.93958768057061,1.632814808209556,1.6415556637760738,0.2726658053978935,0.25277925566323933,7.087
Costa Rica,CRI,2015,7.087,21265.318,9.964832761725933,1.6046379759179477,1.6469946744027555,0.3060804419974271,0.2846716819686797,7.079
Costa Rica,CRI,2016,7.079,21936.467,9.995905690780443,1.4782966956426697,1.6188931194982308,0.3285351864759173,0.3179488028154896,7.072
Costa Rica,CRI,2017,7.072,22633.766,10.027198141043533,1.471025255051287,1.4928893733134254,0.3561736273200703,0.3403111362608691,7.167
Costa Rica,CRI,2018,7.167,23069.861,10.046282326008772,1.4646627445338272,1.4856373591445158,0.38400732571225576,0.3678358329083593,7.1214
Costa Rica,CRI,2019,7.1214,23496.83,10.064620797416266,1.5510111015564987,1.4792918467467202,0.4009821373335014,0.3955549835342064,7.069
Costa Rica,CRI,2020,7.069,22368.139,10.01539285924885,1.5095638901856168,1.565409515002522,0.41729365905323007,0.41245993642781065,6.582
Costa Rica,CRI,2021,6.582,24083.6,10.089286389909628,1.4619359543120585,1.5240730342397375,0.37350688071209137,0.4287043291461307,6.609
Cote d'Ivoire,CIV,2015,3.916,5110.9004,8.539130871198237,-1.6411513180605866,-1.1269007452051838,-0.9756860976714371,-1.1358312903395014,4.18
Cote d'Ivoire,CIV,2016,4.18,5320.8857,8.579395053441013,-1.4039205687667198,-1.6182247051488126,-0.9395839951313902,-0.958542710444105,4.671
Cote d'Ivoire,CIV,2017,4.671,5556.155,8.622661601253277,-1.163963029251085,-1.3816277428881354,-0.9037702095335485,-0.9225891837471896,4.944
Cote d'Ivoire,CIV,2018,4.944,5670.242,8.642987076587014,-0.7176783629549601,-1.1423112753141171,-0.8652859095777184,-0.8869227874429497,5.2333
Cote d'Ivoire,CIV,2019,5.2333,5894.9224,8.68184664918678,-0.4695404527740195,-0.6972189056972872,-0.847207007307022,-0.8485968671079996,5.306
Cote d'Ivoire,CIV,2020,5.306,5787.858,8.6635175539328,-0.20658698238813614,-0.44974392218324577,-0.8126425799675978,-0.8305923673778416,5.235
Cote d'Ivoire,CIV,2021,5.235,6045.2046,8.707020608629971,-0.14050776601394402,-0.1874929598000508,-0.8289457618792627,-0.7961701876797733,5.053
Croatia,HRV,2014,5.759,28456.336,10.256126121261701,0.18216241022867097,0.1657707804029607,0.5814473875981879,0.6080220291947579,5.488
Croatia,HRV,2015,5.488,29466.451,10.291007640926317,0.27123755747311196,0.20021784770528095,0.5876319157125018,0.5921824937514351,5.293
Croatia,HRV,2016,5.293,30820.805,10.335945227935985,0.0249175074400169,0.2890550212744248,0.6186579839699685,0.5983415698445561,5.321
Croatia,HRV,2017,5.321,32348.588,10.384325651372135,-0.1523238569749411,0.04339304130261062,0.6586286233025822,0.6292399523461784,5.432
Croatia,HRV,2018,5.432,33729.547,10.426129497784663,-0.1268738149051014,-0.13337480406456226,0.7016615626437492,0.6690460951253638,5.5047
Croatia,HRV,2019,5.5047,35122.797,10.466605685807927,-0.02598257669966332,-0.10799275447337889,0.7388448334613746,0.7119019352175898,5.882
Croatia,HRV,2020,5.882,32493.402,10.3887923323228,0.040096639674528006,-0.007371057879756949,0.7748471918587864,0.7489321807147098,6.125
Croatia,HRV,2021,6.125,36930.074,10.516781511635557,0.38303595656562317,0.05853162088020884,0.7056345417281512,0.7847863737594892,6.125
Cyprus,CYP,2014,5.689,36104.902,10.4941839245761,0.913851119736574,0.8846266848961295,0.8723125624880363,0.9264235645084631,5.546
Cyprus,CYP,2015,5.546,37258.5,10.525635385696265,0.20761245229851147,0.9299517734518147,0.7993772102372586,0.8818506320268957,5.621
Cyprus,CYP,2016,5.621,39500.85,10.584077469645026,0.07763545172754265,0.22559989729646512,0.8273523440299866,0.8092154404507691,5.762
Cyprus,CYP,2017,5.762,41417.99,10.631470606490582,0.14580520727175733,0.0959701440272054,0.8793348294015227,0.8370754444090128,6.046
Cyprus,CYP,2018,6.046,43510.03,10.680746765211156,0.2739643476948798,0.16395777686073348,0.9214896068551358,0.8888439992599214,6.159
Cyprus,CYP,2019,6.159,45454.176,10.724459976572925,0.5321004886889728,0.2917745265877652,0.9653192759357854,0.9308252914824392,6.223
Cyprus,CYP,2020,6.223,43402.36,10.678269096490258,0.6348095870422555,0.5492210295840583,1.0042008697569147,0.9744745824249844,6.221
Cyprus,CYP,2021,6.221,47632.57,10.771272049929003,0.6929811117733187,0.6516557297199066,0.9631154637282584,1.013196161588301,6.13
Czechia,CZE,2014,6.505,40158.016,10.600577350754834,0.7538794267261505,0.8338625857137619,0.8758648404086009,0.8934808739471138,6.596
Czechia,CZE,2015,6.596,42066.574,10.647008737566098,0.9492993926195653,0.7704074617358023,0.8940109800530758,0.8853882907798786,6.609
Czechia,CZE,2016,6.609,43069.465,10.670569556331815,1.0320120293465458,0.9653053425252489,0.9353103096220357,0.9034597511727983,6.711
Czechia,CZE,2017,6.711,45177.523,10.718354963375171,1.0438281203075428,1.0477970036965962,0.9562669530898503,0.9445891160505144,6.852
Czechia,CZE,2018,6.852,46301.082,10.74292060913172,1.1365389878476748,1.0595815267210744,0.9987706431496035,0.9654595138220021,6.9109
Czechia,CZE,2019,6.9109,47763.617,10.774019478029718,1.264698128270798,1.1520447073746727,1.0206210501662627,1.0077882827236366,6.965
Czechia,CZE,2020,6.965,45119.938,10.717079512057522,1.3182341096248542,1.279861457101705,1.0482825637252047,1.0295487658185059,6.92
Czechia,CZE,2021,6.92,47796.035,10.774697965248228,1.3674072266240809,1.333254411420302,0.9976361673578101,1.0570964402265355,6.845
Democratic Republic of Congo,COD,2014,4.517,1392.7584,7.239041520115909,-0.8022088598297861,-1.3199856224524034,-2.2418114675020613,-2.2635233567324384,4.272
Democratic Republic of Congo,COD,2015,4.272,1433.2158,7.26767600965136,-0.8576535943390805,-0.7815235704108617,-2.0959745806139383,-2.2194574240775187,4.28
Democratic Republic of Congo,COD,2016,4.28,1388.8016,7.236196495979155,-1.0803414624501813,-0.8368201784487977,-2.070505058775821,-2.07422071936452,4.245
Democratic Republic of Congo,COD,2017,4.245,1395.7196,7.241165403548473,-1.0730700218587985,-1.0589131123716558,-2.098505144474394,-2.0488560156786715,4.418
Democratic Republic of Congo,COD,2018,4.418,1431.7285,7.266637734573125,-1.1048825744460986,-1.0516610982027461,-2.094085449836861,-2.076740868854823,4.311
Democratic Republic of Congo,COD,2019,4.311,1394.7646,7.240480934496626,-0.9476376716574438,-1.083388660191726,-2.0714285733978066,-2.0723393631816696,3.207
Denmark,DNK,2014,7.527,61210.95,11.02208137406449,2.029108320439923,2.1899892352998656,1.2535471212704907,1.2648974381103233,7.526
Denmark,DNK,2015,7.526,62059.13,11.03584291921252,1.8782259281687288,2.042229446608331,1.2689261994512813,1.2615162449026929,7.522
Denmark,DNK,2016,7.522,63468.99,11.058306719144124,1.8773169980948055,1.8917501526034564,1.2811666821824312,1.2768320314925086,7.555
Denmark,DNK,2017,7.555,64989.445,11.08198015107658,1.8736812777991145,1.8908436508323423,1.3011475602147329,1.2890221393170975,7.6
Denmark,DNK,2018,7.6,65870.83,11.095450982132245,1.9036759702385684,1.887217643747888,1.3222043697255286,1.3089207873519395,7.6456
Denmark,DNK,2019,7.6456,66758.63,11.108838856294986,1.944577823565097,1.9171322021946398,1.3341862709682615,1.3298909389396059,7.62
Denmark,DNK,2020,7.62,65379.305,11.087961050059572,1.9860250349359798,1.9579247818947565,1.3460943845364015,1.3418235294509904,7.636
Denmark,DNK,2021,7.636,69328.0,11.14660414397969,1.9627564250435547,1.9992612626575417,1.3275242004516987,1.3536826359561338,7.586
Dominican Republic,DOM,2014,4.885,16993.588,9.740591375418829,-0.45227078136948506,-0.36634575924078516,0.04652101583978133,0.04625081538444299,5.155
Dominican Republic,DOM,2015,5.155,17973.188,9.796636370831974,-0.5231673271354684,-0.43252038853208524,0.12907918155962902,0.05945757650967499,5.23
Dominican Republic,DOM,2016,5.23,18968.975,9.850560028786058,-0.27775620717629573,-0.5032275266789545,0.17892952838788337,0.1416759794950503,5.302
Dominican Republic,DOM,2017,5.302,19501.875,9.878265893775508,-0.20958645163208106,-0.25847204847825356,0.22689300900632772,0.19132117047948136,5.425
Dominican Republic,DOM,2018,5.425,20662.848,9.936092584092716,-0.14414348630963586,-0.19048441564472549,0.251536547090674,0.23908726052865076,5.6892
Dominican Republic,DOM,2019,5.6892,21451.287,9.973539922556235,-0.03234508721712385,-0.12521628812453942,0.30297165823650773,0.26362937974287554,5.545
Dominican Republic,DOM,2020,5.545,19545.41,9.880495755239064,0.20779423831329563,-0.013716570277553398,0.33627994555886837,0.3148528130509276,5.737
Dominican Republic,DOM,2021,5.737,22053.459,10.001224739320362,0.07672652165361947,0.22578119765068747,0.25351994215597484,0.34802402229406304,5.569
Ecuador,ECU,2014,5.975,14064.799,9.551430430029095,0.367584145308935,-0.013716570277553398,-0.11186869550182839,-0.13397867368305771,5.976
Ecuador,ECU,2015,5.976,13881.57,9.538317340056002,0.4675664534404491,0.3851442090124775,-0.03917382059561636,-0.09828029232830733,6.008
Ecuador,ECU,2016,6.008,13586.516,9.516833109303827,0.4684753835143723,0.4848594038349846,-0.05083752184726189,-0.025884588427954047,5.973
Ecuador,ECU,2017,5.973,14179.153,9.559528066285166,0.49756114587990385,0.4857659056060986,-0.06994710239837379,-0.03750028847951507,6.028
Ecuador,ECU,2018,6.028,14083.507,9.552759675402127,0.4657485932926036,0.5147739622817372,-0.03197121538745334,-0.05653122480099744,5.9252
Ecuador,ECU,2019,5.9252,13870.489,9.53751876863549,0.5157397473583607,0.4830464002927574,-0.03799149660081472,-0.01871162507071531,5.764
Ecuador,ECU,2020,5.764,12440.326,9.428698571737586,0.42230173575909125,0.532903997704011,-0.05154782723646232,-0.024707130210268498,5.533
Ecuador,ECU,2021,5.533,13507.444,9.510996219864726,0.27578220784272617,0.4397156156335226,-0.1483401370098884,-0.03820767065331651,5.559
Egypt,EGY,2014,4.194,13136.365,9.483139617542477,-1.079432532376259,-0.5322355833545932,-0.1039583959673746,-0.09002186810618508,4.362
Egypt,EGY,2015,4.362,13425.912,9.50494185003062,-1.1512380082161646,-1.0580066106005426,-0.09991645537586072,-0.0904025471145181,4.735
Egypt,EGY,2016,4.735,13727.32,9.52714328670137,-0.998537755797124,-1.129620250518525,-0.08052402179365968,-0.08637724086530062,4.419
Egypt,EGY,2017,4.419,14018.36,9.548123177997455,-0.659506838223897,-0.9773279529714224,-0.06077650803326378,-0.06706461557588943,4.166
Egypt,EGY,2018,4.166,14488.209,9.581090425190839,-0.9467287415835215,-0.63920279234601,-0.042115522340978755,-0.047398371417546346,4.1514
Egypt,EGY,2019,4.1514,15026.568,9.617575113359344,-1.1766880502860044,-0.9256573520179416,-0.012792142181017556,-0.028814183792072488,4.283
Egypt,EGY,2020,4.283,15309.236,9.636211585381762,-1.1899584293652787,-1.1550023001097085,0.019659896501709868,0.0003885179136104403,4.288
Egypt,EGY,2021,4.288,15579.016,9.653680159535458,-1.0703432316370298,-1.1682372259679692,0.03623648085369474,0.03270700235241896,4.17
El Salvador,SLV,2014,6.13,9451.744,9.153954553725034,0.3166840611692548,0.4676358701838249,-0.42035556956134273,-0.4266923598256833,6.068
El Salvador,SLV,2015,6.068,9646.154,9.174314565668384,0.6084506148984927,0.3343801098301099,-0.3927167220368071,-0.40549760882237196,6.003
El Salvador,SLV,2016,6.003,9863.761,9.196622815029148,0.5520969503152751,0.6253671783576092,-0.37460710048502593,-0.3779725071681656,6.167
El Salvador,SLV,2017,6.167,10064.794,9.216798870899712,0.49301649551028964,0.5691640685485593,-0.35476458003217537,-0.3599374145801162,6.253
El Salvador,SLV,2018,6.253,10297.203,9.239627583942369,0.6420810276336385,0.5102414534261688,-0.33681858190407205,-0.340176554723151,6.3483
El Salvador,SLV,2019,6.3483,10543.938,9.263306376603605,0.7202490139910047,0.6589077438888162,-0.31651312457590186,-0.32230441217727474,6.061
El Salvador,SLV,2020,6.061,9692.449,9.17910240773088,0.8068700500358532,0.7368668962045952,-0.2954515468572231,-0.3020825206314397,6.12
El Salvador,SLV,2021,6.12,10809.714,9.288200453298987,0.5457344397978153,0.8232565149917314,-0.37034845819921763,-0.2811076204591381,6.122
Estonia,EST,2014,5.429,35720.3,10.483474433611383,-0.03143615714320069,-0.09983423853335523,0.7397905885229222,0.7147592550614766,5.517
Estonia,EST,2015,5.517,36353.06,10.501033660986684,-0.028709366921432004,-0.01281006850643939,0.7898514383996534,0.7498740435831225,5.611
Estonia,EST,2016,5.611,37466.555,10.53120394734213,0.05127647958377977,-0.01009056319309817,0.8054698458639107,0.7997288713044941,5.739
Estonia,EST,2017,5.739,39529.785,10.584809717368781,0.1367159065325281,0.069681592664908,0.8323054130298947,0.8152830022337547,5.893
Estonia,EST,2018,5.893,40849.848,10.617658379350994,0.25305895599465433,0.15489275914959583,0.8799861418465381,0.8420081293772173,6.0218
Estonia,EST,2019,6.0218,42215.035,10.650531716192443,0.3930341873787747,0.27092498585215025,0.9092040440086516,0.8894926312711434,6.189
Estonia,EST,2020,6.189,40916.72,10.61929406045013,0.5101043809000392,0.4105262586036609,0.9384438937199052,0.9185902890667841,6.341
Estonia,EST,2021,6.341,44247.418,10.697552298451146,0.6620774892599416,0.5272836867231062,0.910658933414767,0.947709804087861,6.455
Eswatini,SWZ,2018,4.212,9578.101,9.167234625845913,-0.5395280684660797,-0.5195445585590011,-0.42796666223496893,-0.4569162209017277,4.3081
Eswatini,SWZ,2019,4.3081,10099.586,9.220249711890224,-1.1348772668855533,-0.5195445585590011,-0.38090449515999436,-0.41307737854161114,4.308
Eswatini,SWZ,2020,4.308,9695.825,9.17945065946635,-1.0475290867815668,-1.1133032186384786,-0.333749162075271,-0.36620889273893914,4.396
Eswatini,SWZ,2021,4.396,9990.435,9.20938341423815,-1.0476199797889587,-1.0261883984344515,-0.3700386986985043,-0.3192476243451416,3.502
Ethiopia,ETH,2014,4.512,1821.3916,7.507356103286035,-0.817660671086475,-1.2474654807633068,-1.9855989492777442,-2.012932409800187,4.508
Ethiopia,ETH,2015,4.508,1957.4146,7.579379799837919,-0.8621982447086955,-0.7969341005197951,-1.857316785542159,-1.964299331724209,4.46
Ethiopia,ETH,2016,4.46,2084.8406,7.642447680471059,-0.8658339650043866,-0.841352687304367,-1.7932538620554674,-1.8365451048481072,4.35
Ethiopia,ETH,2017,4.35,2222.8281,7.706535583039015,-0.9094626085526839,-0.8449786943888214,-1.7371568689143537,-1.7727458281354487,4.286
Ethiopia,ETH,2018,4.286,2311.165,7.7455070053890385,-1.0094449166841988,-0.8884907794022794,-1.6801525967762811,-1.7168796985027368,4.1862
Ethiopia,ETH,2019,4.1862,2437.9705,7.798921209885976,-1.0676164414152618,-0.9882059742247873,-1.645488682429999,-1.6601100237204722,4.275
Ethiopia,ETH,2020,4.275,2516.549,7.830643797515026,-1.1583276627927626,-1.0462220875760644,-1.5979783454213339,-1.6255887664478197,4.241
Ethiopia,ETH,2021,4.241,2588.413,7.858800225578164,-1.0776146722284126,-1.1366909643332117,-1.56976205270973,-1.5782739551255238,4.091
Finland,FIN,2014,7.406,52710.734,10.872574395003673,1.752793577967374,1.9388882447013687,1.1567406448043658,1.1829161548059735,7.413
Finland,FIN,2015,7.413,52782.49,10.873934785905487,1.7682453892240622,1.766652908189765,1.135944214093171,1.1651081691625529,7.469
Finland,FIN,2016,7.469,53984.633,10.896454710973453,1.7746078997415227,1.7820634382986975,1.1371542411041025,1.1443973248025576,7.632
Finland,FIN,2017,7.632,55637.227,10.926607806549546,1.825507983881203,1.788408950696494,1.1571850407662092,1.1456023720264208,7.769
Finland,FIN,2018,7.769,56226.336,10.937140538217067,1.9736635859306286,1.8391730498788617,1.1840053172482228,1.1655507362418638,7.8087
Finland,FIN,2019,7.8087,56922.49,10.949445796854848,2.098187006058061,1.986932838570395,1.1933738669787433,1.1922606356291663,7.842
Finland,FIN,2020,7.842,55424.86,10.922783508545372,2.134271529992798,2.1111235812129734,1.2043190264239856,1.201590629705661,7.821
Finland,FIN,2021,7.821,56790.375,10.947122136124902,2.164538901454429,2.147111701526187,1.1806037185777736,1.2124907450626545,7.804
France,FRA,2014,6.575,50326.566,10.82628836775857,1.1847122817655864,1.1837722693636525,1.0878377225358506,1.099146721829292,6.478
France,FRA,2015,6.478,50682.895,10.833343755929105,1.0129244977941658,1.200089301243699,1.0947741775098656,1.096488812366683,6.442
France,FRA,2016,6.442,50984.074,10.839268588428821,0.924758280623648,1.0287604665032086,1.1010497342249017,1.103396720813665,6.489
France,FRA,2017,6.489,51895.566,10.856988631978316,0.8920367979624253,0.9408297947051787,1.106319695491432,1.1096464508852524,6.592
France,FRA,2018,6.592,52560.953,10.869728784653171,0.9347565114367995,0.9081957309450857,1.1220811441318028,1.1148947239706697,6.6638
France,FRA,2019,6.6638,53448.555,10.886474881475962,1.028376309050854,0.9508013141874296,1.133413128813123,1.1305913073994334,6.69
France,FRA,2020,6.69,49311.332,10.805909191629647,1.0936374883585158,1.044170996612141,1.1483082809758058,1.1418766560385312,6.687
France,FRA,2021,6.687,52517.336,10.868898603596358,1.1174514562952949,1.1092578237781057,1.0766475099883155,1.1567105081761342,6.661
Gabon,GAB,2015,4.121,20147.71,9.910845913273766,-1.422099170245177,-1.2021403922076217,0.27437018502101257,0.26128829450049895,4.465
Gabon,GAB,2016,4.465,19988.176,9.902896177708499,-1.217589903612533,-1.3997577783104094,0.2805154997997775,0.28636904732886936,4.758
Gabon,GAB,2017,4.758,19555.707,9.881022440972265,-0.9049179581830696,-1.1957948798098252,0.2734444478316203,0.2924890714663607,4.799
Gabon,GAB,2018,4.799,19225.598,9.863997899221683,-0.6386014465236715,-0.883958270546711,0.2539884133597996,0.28544711995036776,4.8293
Gabon,GAB,2019,4.8293,19491.406,9.877728929458423,-0.6013353134928339,-0.618353251610395,0.2388455927635556,0.26607115551664073,4.852
Gabon,GAB,2020,4.852,18681.484,9.835288151882203,-0.5737947322529716,-0.5811866789947328,0.25105893339396895,0.2509906542087257,4.958
Gabon,GAB,2021,4.958,18523.58,9.826799794054894,-0.5531620195749223,-0.5537196753299878,0.21330913136010002,0.26315373163411926,5.035
Georgia,GEO,2014,4.297,14475.313,9.580199925696185,-1.1576005187336245,-1.4033837853948643,-0.09602519226037903,-0.14546568016168554,4.252
Georgia,GEO,2015,4.252,14936.844,9.611586191391526,-1.0576182106021104,-1.1359657629163207,-0.013584214842129055,-0.08250199198881202,4.286
Georgia,GEO,2016,4.286,15442.956,9.644908256031608,-1.098520063928639,-1.0362505680938137,0.014332929570545645,-0.0004002950242393605,4.34
Georgia,GEO,2017,4.34,16237.624,9.695086297593267,-1.0676164414152618,-1.0770431477939304,0.04397190923494517,0.027401958205454158,4.519
Georgia,GEO,2018,4.519,17228.68,9.754330716024265,-1.018534217423427,-1.0462220875760644,0.08860377612282404,0.056918960586444564,4.6726
Georgia,GEO,2019,4.6726,18186.88,9.808455733985713,-0.8558357341912349,-0.9972709919359242,0.14129991401439296,0.10136714794358036,4.891
Georgia,GEO,2020,4.891,17031.145,9.742799005689035,-0.7162240748366837,-0.8350071749065705,0.1894424983356833,0.15384641832422458,4.973
Georgia,GEO,2021,4.973,18915.654,9.847745112202947,-0.517713746691931,-0.6957685028635053,0.13104280264349324,0.20179087498665832,5.109
Germany,DEU,2014,6.75,59203.234,10.9887314477584,1.1010907149646827,1.0260409611898673,1.222689876025523,1.228352551867037,6.994
Germany,DEU,2015,6.994,59668.99,10.996567733944183,1.171987260730666,1.1166911383012377,1.239262437668453,1.2307859906334973,6.951
Germany,DEU,2016,6.951,60504.586,11.010474442799026,1.3937661987678438,1.1873982764481068,1.2462325798074074,1.2472903489822778,6.965
Germany,DEU,2017,6.965,61965.434,11.034331992428292,1.3546822055891607,1.4085847085998509,1.258602181313181,1.2542318059568742,6.985
Germany,DEU,2018,6.985,62481.117,11.042619662074634,1.3674072266240809,1.3696051324419614,1.2798227580073893,1.2665505011762095,7.0758
Germany,DEU,2019,7.0758,62949.895,11.050094371480634,1.3855858281025386,1.3822961572375536,1.2871943922313291,1.28768374597415,7.155
Germany,DEU,2020,7.155,60299.58,11.00708041751689,1.4681166788147342,1.400426192659828,1.2938429226412747,1.2950250427193002,7.034
Germany,DEU,2021,7.034,62630.773,11.045012017771251,1.5401039406694248,1.4827365534769523,1.2555832973573329,1.3016462115369354,6.892
Ghana,GHA,2014,4.633,5619.0723,8.633921858087614,-0.33592773190735886,-0.6663978454794214,-0.9006284173749696,-0.9410714715363127,4.276
Ghana,GHA,2015,4.276,5607.366,8.631836369541737,-0.752217705764029,-0.31648816182953077,-0.8552702479753044,-0.8837939251246313,4.12
Ghana,GHA,2016,4.12,5666.078,8.642252446621157,-1.0767057421544903,-0.7316659729996082,-0.8571252276492598,-0.8386224243062205,4.657
Ghana,GHA,2017,4.657,5993.631,8.698452684420056,-1.2184988336864562,-1.0552871052872013,-0.8478604386851215,-0.8404697699325814,4.996
Ghana,GHA,2018,4.996,6234.512,8.737855587208227,-0.7304033839898804,-1.196701381580939,-0.797872008398831,-0.8312431096018171,5.148
Ghana,GHA,2019,5.148,6508.2466,8.780825359446498,-0.4222760889300303,-0.7099099304928792,-0.7628243051105985,-0.7814604034327955,5.088
Ghana,GHA,2020,5.088,6412.6855,8.766033416935866,-0.28411871769375624,-0.4026058300853326,-0.7246039781497638,-0.746556936676496,4.872
Ghana,GHA,2021,4.872,6607.503,8.795961100507853,-0.3386545221291275,-0.26481756087605,-0.7377609685105062,-0.7084939029729355,4.605
Greece,GRC,2014,4.857,31213.377,10.348602031910556,-0.023255786477895442,0.6280866836709504,0.670935946200896,0.7535669856794797,5.033
Greece,GRC,2015,5.033,31347.977,10.352905014473366,-0.5486173692053081,-0.004651552566416534,0.669886471808384,0.6813027680407777,5.227
Greece,GRC,2016,5.227,31468.62,10.356746137810017,-0.3886456761948846,-0.5286095762701379,0.6737138460738431,0.6802576126915275,5.358
Greece,GRC,2017,5.358,31995.41,10.373347733993722,-0.21231324185384973,-0.3690652645541256,0.6771304103741985,0.6840692356483796,5.287
Greece,GRC,2018,5.287,32722.33,10.395812998450301,-0.09324340216995565,-0.19320392095806668,0.6918970335411653,0.6874717393016861,5.515
Greece,GRC,2019,5.515,33502.75,10.419382803996234,-0.15777743741847847,-0.07445218894217184,0.7118792142246215,0.7021775913962535,5.723
Greece,GRC,2020,5.723,30487.113,10.325059348716673,0.049458619435933444,-0.1388138146912447,0.7328438511645979,0.7220775367212744,5.948
Greece,GRC,2021,5.948,33528.227,10.420142960042499,0.23851607481188855,0.06786858912268,0.6489459593891879,0.7429558950683116,5.931
Guatemala,GTM,2014,6.123,10553.564,9.26421890176113,0.45847715270122075,0.7586229387113242,-0.3313527511175987,-0.32518704725568437,6.324
Guatemala,GTM,2015,6.324,10785.958,9.286000381953006,0.602088104381033,0.4757943861238477,-0.29463988302788824,-0.31686107566012034,6.454
Guatemala,GTM,2016,6.454,10872.594,9.29400059010009,0.7847830492395276,0.6190216659598136,-0.2752659079924098,-0.28029929697923717,6.382
Guatemala,GTM,2017,6.382,11005.459,9.306146701405197,0.9029439588494993,0.8012285219536681,-0.26814996217261866,-0.26100505427160614,6.436
Guatemala,GTM,2018,6.436,11192.372,9.322987753820108,0.8375009935270533,0.9190737521984498,-0.2573463595188813,-0.2539183936616911,6.3989
Guatemala,GTM,2019,6.3989,11466.377,9.347174292746393,0.886583217518888,0.8538056246782629,-0.24236674719761406,-0.24315925252848025,6.435
Guatemala,GTM,2020,6.435,11097.15,9.314443597576009,0.8528619117763502,0.9027567203184033,-0.22085354436545562,-0.22824128782255468,6.262
Guatemala,GTM,2021,6.262,11825.142,9.377983221744692,0.8856742874449648,0.8691255046100851,-0.24996651857743707,-0.20681662117040678,6.15
Guinea,GIN,2014,3.656,2834.9663,7.949785328965979,-1.4666367438673973,-1.15046979125414,-1.4866912063120548,-1.4966125973286861,3.607
Guinea,GIN,2015,3.607,2869.8516,7.962015600099725,-1.6402423879866634,-1.444176365094981,-1.4637892246151394,-1.4674448109627856,3.507
Guinea,GIN,2016,3.507,3099.7888,8.039089259120091,-1.6847799616088834,-1.6173182033776987,-1.4529107643114778,-1.4446370808745188,3.964
Guinea,GIN,2017,3.964,3332.7659,8.111557838817301,-1.7756729690011697,-1.6617367901622702,-1.3843560502792114,-1.4338033901631488,4.534
Guinea,GIN,2018,4.534,3455.645,8.147764404740489,-1.3602919252184225,-1.7523869672736407,-1.3198974165434763,-1.3655308085752926,4.9493
Guinea,GIN,2019,4.9493,3557.4624,8.176802760688195,-0.8422017830823924,-1.3381156578746773,-1.2876927592779035,-1.3013374501332544,4.984
Guinea,GIN,2020,4.984,3630.9934,8.197261553731604,-0.46472312338222826,-0.8214096483398653,-1.2618640103477903,-1.2692653290295488,4.891
Guinea,GIN,2021,4.891,3738.8052,8.226521374128046,-0.4331832498171051,-0.44493946279634305,-1.2436665259625537,-1.2435428766273195,5.072
Haiti,HTI,2014,4.518,3403.575,8.132581628784482,-1.017625287349504,-1.4967534678195757,-1.3377779035787893,-1.3098546207811506,4.028
Haiti,HTI,2015,4.028,3402.0283,8.132127091557305,-0.8567446642651582,-0.9963644901648101,-1.3011973842964841,-1.3191443511929604,3.603
Haiti,HTI,2016,3.603,3415.5823,8.136103269914392,-1.3021204004873599,-0.8359136766776846,-1.3016016815625313,-1.282714376646617,3.582
Haiti,HTI,2017,3.582,3453.9714,8.147279978417565,-1.6884156819045748,-1.2800995445234005,-1.2980649898616825,-1.2831170100536933,3.597
Haiti,HTI,2018,3.597,3465.255,8.150541501989759,-1.7075032134569552,-1.6653627972467249,-1.2881236420004816,-1.2795948733763576,3.7208
Haiti,HTI,2019,3.7208,3361.7532,8.120217902588704,-1.6938692623481122,-1.6843993344401131,-1.2852226143518246,-1.2696944384824473,3.615
Honduras,HND,2014,4.788,5705.1626,8.649126763204658,-0.28957229813729285,0.11228717590725192,-0.8581978638923854,-0.8594599269126777,4.871
Honduras,HND,2015,4.871,5812.5347,8.667772019770265,-0.6113335443059854,-0.27025657150273164,-0.8417459397299776,-0.841537991811363,5.181
Honduras,HND,2016,5.181,5926.49,8.687187411181592,-0.5358923481703879,-0.5911581984769836,-0.8251615417896166,-0.8251537744674391,5.504
Honduras,HND,2017,5.504,6099.6074,8.715979687434428,-0.25412402525430156,-0.5159185514745458,-0.8078921319426504,-0.8086376285327358,5.86
Honduras,HND,2018,5.86,6219.28,8.735409423406017,0.039460388622781874,-0.2349030024292974,-0.782282263539625,-0.7914392898131519,5.9532
Honduras,HND,2019,5.9532,6264.019,8.742577270871658,0.3630394949393208,0.05789706964042912,-0.7650000946354253,-0.7659348171495088,5.919
Honduras,HND,2020,5.919,5603.264,8.631104564070847,0.44775177782893094,0.38061170015690904,-0.7586245087416231,-0.7487237718817574,6.022
Honduras,HND,2021,6.022,6202.981,8.73278526193441,0.4166663693007689,0.46509766522470597,-0.8577761467235814,-0.7423744242949507,6.023
Hong Kong,HKG,2014,5.474,61839.805,11.032302529957496,0.05673006002731633,-0.014623072048666601,1.2364346652047382,1.2393182074338585,5.458
Hong Kong,HKG,2015,5.458,62779.754,11.047387911942902,0.012192486405096644,0.07512060329158965,1.2780176118511923,1.2444742140312954,5.472
Hong Kong,HKG,2016,5.472,63749.43,11.062715521804229,-0.002350394777669133,0.030702016507018526,1.2914356078464744,1.2858860287789626,5.43
Hong Kong,HKG,2017,5.43,65662.85,11.092288595535466,0.010374626257251123,0.01619798816919922,1.3050690582911164,1.299248803888815,5.43
Hong Kong,HKG,2018,5.43,66993.96,11.112357745055684,-0.027800436847509647,0.028889012964791315,1.331373422693543,1.3128261467593247,5.5104
Hong Kong,HKG,2019,5.5104,65388.336,11.08809917291543,-0.027800436847509647,-0.009184061421984966,1.3492243308211276,1.3390222572694803,5.477
Hong Kong,HKG,2020,5.477,61328.535,11.024000511166946,0.04527754109588834,-0.009184061421984966,1.327647056600024,1.3567997011515192,5.425
Hong Kong,HKG,2021,5.425,65884.94,11.095665166301242,0.014919276626865327,0.063698680975557,1.2706332144927346,1.3353112267920393,5.308
Hungary,HUN,2014,4.8,30264.95,10.31774555625107,-0.6231496352669825,-0.4506504239543598,0.5789413098916372,0.5970575446460016,5.145
Hungary,HUN,2015,5.145,31485.568,10.357284561096787,-0.6004263834189115,-0.6029427215014617,0.6424405597838801,0.5896867296438718,5.324
Hungary,HUN,2016,5.324,32378.967,10.38526432431384,-0.28684550791552493,-0.5802801772236195,0.6776093217807928,0.6529246525239142,5.62
Hungary,HUN,2017,5.62,33828.715,10.429065277015505,-0.12414702468333272,-0.2675370661893912,0.7024964841448982,0.6879486797796914,5.758
Hungary,HUN,2018,5.758,35798.043,10.485648506090147,0.14489627719783416,-0.10527324916003766,0.7414561212630747,0.7127334206538769,6.0004
Hungary,HUN,2019,6.0004,37662.676,10.536424856510944,0.2703286273991888,0.16305127508961947,0.7917852108319151,0.7515327219321529,5.992
Hungary,HUN,2020,5.992,36119.52,10.494588718406076,0.49065327731809005,0.2881485195033108,0.8369492555515263,0.8016546854227149,6.086
Hungary,HUN,2021,6.086,38887.19,10.568420169460843,0.48301826469713804,0.507884548821273,0.7997372622395733,0.8466328604685033,6.041
Iceland,ISL,2014,7.561,60199.2,11.005414342172067,1.721889955453997,1.312495520861798,1.2241162523564306,1.22662211822507,7.501
Iceland,ISL,2015,7.501,61820.363,11.03198808755499,1.9091295506821058,1.7358318479718993,1.2541013731789254,1.2322064968058524,7.504
Iceland,ISL,2016,7.504,64759.227,11.07843147133985,1.8545937462467346,1.9225712128213222,1.2777379247407388,1.262068215823628,7.495
Iceland,ISL,2017,7.495,65462.504,11.089232799691427,1.8573205364685024,1.8681811065545002,1.319047925258823,1.28560749270253,7.494
Iceland,ISL,2018,7.494,66703.02,11.108005508240046,1.8491401658031972,1.8709006118678406,1.3286553837047135,1.326747484613777,7.5045
Iceland,ISL,2019,7.5045,65994.984,11.097334018120415,1.848231235729274,1.8627420959278178,1.3453531463712245,1.3363154041924403,7.554
Iceland,ISL,2020,7.554,60617.145,11.012333052834945,1.8577750015054644,1.8618355941567037,1.3358611751485256,1.3529444483081734,7.557
Iceland,ISL,2021,7.557,62720.793,11.046448298439259,1.9027670401646462,1.871353862753398,1.2602553593396226,1.3434915406725836,7.53
India,IND,2014,4.565,5905.106,8.683572679359424,-0.6258764254887512,-0.4216423672787212,-0.9066809269037884,-0.9247106002736135,4.404
India,IND,2015,4.404,6301.6733,8.748570480287949,-0.8140249507907832,-0.6056622268148029,-0.8111073277633988,-0.8898215259461163,4.315
India,IND,2016,4.315,6741.149,8.815985664154628,-0.9603626926923641,-0.7933080934353398,-0.7532937282533019,-0.7946412537056664,4.19
India,IND,2017,4.19,7116.0366,8.870106192111454,-1.0412574692714982,-0.939254878584647,-0.693329938935974,-0.7370655822852742,4.015
India,IND,2018,4.015,7492.626,8.921674615866234,-1.1548737285118558,-1.0199335362137663,-0.6451913483394763,-0.6773485700232519,3.5733
India,IND,2019,3.5733,7702.1763,8.94925820427128,-1.313936491448357,-1.1332462576029796,-0.5993227780842415,-0.6294080906496974,3.819
India,IND,2020,3.819,7186.8643,8.880010235976705,-1.7154109051000839,-1.2918840675478787,-0.5747880013638065,-0.583728289497075,3.777
India,IND,2021,3.777,7818.657,8.96426807966007,-1.4920867859372373,-1.6922858998488022,-0.6363819976018147,-0.5592944840464776,4.036
Indonesia,IDN,2014,5.399,10504.387,9.259548258411328,-0.10233270290918406,-0.2548460413937991,-0.36886642499410227,-0.39469650316260035,5.314
Indonesia,IDN,2015,5.314,10893.662,9.295936431209313,-0.05597726913911804,-0.08351720665330871,-0.29879428056476526,-0.35422036446392696,5.262
Indonesia,IDN,2016,5.262,11319.663,9.334296580996009,-0.1332363254225611,-0.03728561632650957,-0.26642808941684876,-0.2844365973646101,5.093
Indonesia,IDN,2017,5.093,11772.574,9.373527867933587,-0.1805006892665503,-0.11433826687117453,-0.23230788372936564,-0.25220360716069457,5.192
Indonesia,IDN,2018,5.192,12262.231,9.414279166833818,-0.33410987175951334,-0.16147635896908766,-0.19741282760632883,-0.218223820949396,5.2856
Indonesia,IDN,2019,5.2856,12757.785,9.453896952488714,-0.24412579444114998,-0.3146751582873036,-0.16116576631382523,-0.18347237314886192,5.345
Indonesia,IDN,2020,5.345,12388.545,9.4245275343133,-0.15904993952197075,-0.2249314829470465,-0.1259269311438834,-0.14737448426775995,5.24
Indonesia,IDN,2021,5.24,12757.074,9.453841220258317,-0.10505949313095274,-0.14008291717080415,-0.1520501500217814,-0.1122806722205167,5.277
Iran,IRN,2014,4.686,15262.852,9.633177181216075,-0.7431284050248006,-0.263911059104936,0.02748193271681072,0.08541171472791123,4.813
Iran,IRN,2015,4.813,14841.905,9.605209877754978,-0.7040444118461174,-0.7226009552884713,0.03353746912282532,0.04049684748877658,4.692
Iran,IRN,2016,4.692,15920.372,9.675354825959545,-0.5886102924579144,-0.6836213791305819,0.008661389338907827,0.04652746273054213,4.707
Iran,IRN,2017,4.707,16167.968,9.69078727986329,-0.69859083140258,-0.5684956541991414,0.07105322237360893,0.021753758826910267,4.548
Iran,IRN,2018,4.548,15364.805,9.639834783302796,-0.6849568802937375,-0.6781823685038995,0.0847799284575621,0.08388882235109987,4.6724
Iran,IRN,2019,4.6724,14841.075,9.605153953450868,-0.8294767620474721,-0.6645848419371941,0.03945920701611967,0.09755903707343283,4.721
Iran,IRN,2020,4.721,15381.585,9.640926293666514,-0.7164058608514686,-0.8087186235442732,0.008611646343382982,0.05242483009862058,4.888
Iran,IRN,2021,4.888,15884.428,9.673094537241937,-0.6722318592588172,-0.6959498032177285,0.04043007283200339,0.021704220545431974,4.876
Iraq,IRQ,2014,4.677,13536.823,9.513168880825132,-0.5849745721622226,-0.5059470319922957,-0.08510021733900396,-0.14698780184885538,4.575
Iraq,IRQ,2015,4.575,13516.027,9.511631445464621,-0.7122247825114235,-0.5648696471146862,-0.0732063240144047,-0.07162197808759725,4.497
Iraq,IRQ,2016,4.497,15016.092,9.616877705045658,-0.8049356500515548,-0.6917798950706056,-0.07457382677504412,-0.059777033303511855,4.456
Iraq,IRQ,2017,4.456,14417.631,9.576207111628278,-0.8758321958175381,-0.7842430757242029,0.019039572669727084,-0.06113890819592889,4.437
Iraq,IRQ,2018,4.437,14456.235,9.578881088365723,-0.9130983288483749,-0.8549502138710723,-0.017135703510093015,0.032089231422618235,4.7848
Iraq,IRQ,2019,4.7848,14910.225,9.609802498188182,-0.9303680002529093,-0.8921167864867338,-0.014757281194422316,-0.003937167772739101,4.854
Iraq,IRQ,2020,4.854,12827.635,9.459357107025015,-0.6142421205425391,-0.9093403201378942,0.01274638782553543,-0.0015685336986391324,4.941
Iraq,IRQ,2021,4.941,12731.754,9.451854466820413,-0.5513441594270768,-0.5940590041445479,-0.12107028702492172,0.02582194576928867,4.941
Ireland,IRL,2014,6.94,65463.195,11.08924335529671,1.4682984648295183,1.6714702222228257,1.2407605116871463,1.256130943754104,6.907
Ireland,IRL,2015,6.907,80815.64,11.29992579013446,1.34468397477601,1.4829178538311747,1.3286647725998402,1.2487822577752714,6.977
Ireland,IRL,2016,6.977,80760.09,11.29923818683923,1.3146892823365552,1.3596336129597113,1.51606049580155,1.3363247544481827,6.977
Ireland,IRL,2017,6.977,87731.79,11.382039598425052,1.3783143875111556,1.3297190545129587,1.5154488932401655,1.5229492628004797,7.021
Ireland,IRL,2018,7.021,93115.836,11.441599545470607,1.3783143875111556,1.3931741784909184,1.589098271833105,1.5223401772494582,7.0937
Ireland,IRL,2019,7.0937,96205.8,11.474244925896656,1.4183073107637612,1.3931741784909184,1.642075062988252,1.595686456639009,7.085
Ireland,IRL,2020,7.085,101793.445,11.5307009900627,1.4843865271379533,1.433060256419921,1.6711121522873458,1.6484452252730701,7.041
Ireland,IRL,2021,7.041,116702.86,11.667386325257983,1.4764788354948244,1.4989629351798877,1.7213281324741396,1.6773628143292099,6.911
Israel,ISR,2014,7.278,40795.63,10.61633024681266,1.6728077314621623,1.5944175716781606,0.8735664390353712,0.8783584024170624,7.267
Israel,ISR,2015,7.267,40889.598,10.618630982055775,1.651902339761936,1.6868807523317588,0.9080227098470242,0.8830993483272617,7.213
Israel,ISR,2016,7.213,41914.582,10.64338906445871,1.6419041089487851,1.666031211596143,0.9100691450190456,0.917413816608679,7.19
Israel,ISR,2017,7.19,42895.586,10.666524209179633,1.5928218849569504,1.656059692113893,0.9320907186759023,0.9194518298105185,7.139
Israel,ISR,2018,7.139,43782.652,10.686992944847525,1.5719164932567251,1.6071085964737528,0.9526687378149559,0.9413827751204662,7.1286
Israel,ISR,2019,7.1286,44492.12,10.703067373822371,1.525561059486659,1.5862590557381377,0.9708750658672363,0.9618761067668683,7.157
Israel,ISR,2020,7.157,42926.543,10.66724563153779,1.5161081867178607,1.5400274654113386,0.9851727895721843,0.9800075078661356,7.364
Israel,ISR,2021,7.364,46151.1,10.739676074966551,1.5419218008172704,1.5305998469917554,0.953310421421114,0.9942463902237697,7.473
Italy,ITA,2014,5.948,46825.652,10.754186451401146,0.509377236840901,1.0314799718165497,1.0488846062509245,1.0882443295053328,5.977
Italy,ITA,2015,5.977,47311.824,10.764515522098867,0.4430253414445326,0.5265584853062153,1.0306416798460993,1.0576960050855941,5.964
Italy,ITA,2016,5.964,47987.84,10.778702924462385,0.46938431358829547,0.4603838560149152,1.0398290792365208,1.0395281562519099,6.0
Italy,ITA,2017,6.0,48849.22,10.796493690096778,0.45756822262729835,0.4866724073772126,1.0524483492212855,1.048677745500689,6.223
Italy,ITA,2018,6.223,49355.875,10.80681208539507,0.49028970528852095,0.47488788435273455,1.0682727030405144,1.0612450817047103,6.3874
Italy,ITA,2019,6.3874,49690.63,10.813571663123358,0.6929811117733187,0.5075219481128276,1.0774506069824998,1.0770043114301806,6.483
Italy,ITA,2020,6.483,45505.07,10.725579027302768,0.8424092159262374,0.7096718430711838,1.0834630491583577,1.0861444443084214,6.467
Italy,ITA,2021,6.467,49825.395,10.816280072796685,0.9293029309932621,0.8587007342422776,1.0051962319045933,1.0921321426715174,6.405
Jamaica,JAM,2014,5.709,9872.159,9.1974738521743,-0.07870052098718987,0.6960743165044786,-0.3579015414046173,-0.33402641361738106,5.51
Jamaica,JAM,2015,5.51,9931.898,9.203506876740445,0.2257910537769683,-0.059948160604352534,-0.35400760795042563,-0.3433006061361171,5.311
Jamaica,JAM,2016,5.311,10179.254,9.228107006476309,0.04491396906631924,0.24372993271873886,-0.34864141307738317,-0.339422697910523,5.89
Jamaica,JAM,2017,5.89,10391.038,9.248698982856835,-0.1359631156443298,0.06333608026711156,-0.32676033359271534,-0.3340785872617105,5.89
Jamaica,JAM,2018,5.89,10636.093,9.272008496213363,0.390307397157006,-0.11705777218451574,-0.30844438661330525,-0.3122875579293698,5.8898
Jamaica,JAM,2019,5.8898,10816.372,9.288816191182427,0.390307397157006,0.4078067532903197,-0.2877112717891365,-0.2940469890325021,6.309
Jamaica,JAM,2020,6.309,9891.97,9.199478595882967,0.3901256111422219,0.4078067532903197,-0.2727613299180591,-0.27339919998713874,5.85
Jamaica,JAM,2021,5.85,10430.691,9.25250779699877,0.7711490981306849,0.4076254529360973,-0.3522244483936779,-0.25851078362460467,5.703
Japan,JPN,2014,5.987,43754.438,10.686348326641072,0.548461230019584,0.5610055526085364,0.9422264348867005,0.935574795124479,5.921
Japan,JPN,2015,5.921,44589.305,10.70524931104569,0.4784736143275239,0.5655380614641048,0.9703016972564159,0.9514767784537362,5.92
Japan,JPN,2016,5.92,44926.62,10.712785771101776,0.41848422944861524,0.4957374250883495,0.9871135574594532,0.9794364989163539,5.915
Japan,JPN,2017,5.915,45693.38,10.729708708621343,0.41757529937469207,0.43590830819484505,0.9938170132253722,0.9961791710076598,5.886
Japan,JPN,2018,5.886,46133.023,10.739284306596359,0.41303064900507785,0.43500180642373104,1.0088694598976296,1.0028550391395563,5.8708
Japan,JPN,2019,5.8708,46055.35,10.737599213002621,0.386671676861315,0.4304692975681626,1.0173866678414183,1.0178455384514618,5.94
Japan,JPN,2020,5.94,44212.55,10.696763964414991,0.37285593973768744,0.40418074620586525,1.015887827499535,1.0263276943826987,6.039
Japan,JPN,2021,6.039,45999.46,10.736384936271893,0.4357539008531497,0.39040191928493684,0.9795660954714535,1.0248350224202685,6.129
Jordan,JOR,2014,5.192,11086.69,9.31350056870678,-0.042343318030275426,0.24101042740539846,-0.17270915973698653,-0.16737284310988337,5.303
Jordan,JOR,2015,5.303,10469.631,9.256234059690506,-0.24412579444114998,-0.02368808975980427,-0.25080531454581106,-0.15887037160984077,5.336
Jordan,JOR,2016,5.336,10197.505,9.229898361507848,-0.1432345562357127,-0.2249314829470465,-0.30174216118234504,-0.23664512679843072,5.161
Jordan,JOR,2017,5.161,10220.493,9.232150101341798,-0.11323986379625799,-0.1243097863534254,-0.3251669768807292,-0.2873723461722012,4.906
Jordan,JOR,2018,4.906,10183.024,9.22847729903818,-0.2723026267327592,-0.09439522790667278,-0.32316412165945696,-0.31070075857277957,4.6334
Jordan,JOR,2019,4.6334,10168.358,9.227036020746732,-0.5040797955830885,-0.25303303785157194,-0.32643096943627,-0.30870614597125057,4.395
Jordan,JOR,2020,4.395,9872.31,9.197489147597032,-0.7518541337344599,-0.4841909894855668,-0.3277129433605266,-0.3119595492495809,4.152
Jordan,JOR,2021,4.152,10056.562,9.21598063574108,-0.9685430633576702,-0.7313033722911627,-0.3539940031294689,-0.3132362472939505,4.12
Kazakhstan,KAZ,2014,5.855,30986.438,10.341304903872327,0.19125171096790017,0.13948222904066332,0.6008151755492069,0.5823163539498964,5.919
Kazakhstan,KAZ,2015,5.919,30893.76,10.338309500745284,0.3584948445697066,0.2092828654164186,0.6633958947127074,0.6114705748371484,5.819
Kazakhstan,KAZ,2016,5.819,30758.322,10.333915870766191,0.4166663693007689,0.37607919130134065,0.6607315732389918,0.6737937471416212,5.79
Kazakhstan,KAZ,2017,5.79,31524.441,10.358518428717144,0.3257733619084832,0.43409530465261703,0.6568235708084762,0.6711403905087729,5.809
Kazakhstan,KAZ,2018,5.809,32330.227,10.383757892037236,0.29941438976472035,0.3434451275412468,0.678706810117825,0.6672484712068072,6.0579
Kazakhstan,KAZ,2019,6.0579,33298.21,10.413258920769996,0.3166840611692548,0.3171565761789494,0.7011565576999347,0.6890416514752116,6.152
Kazakhstan,KAZ,2020,6.152,32011.549,10.373852022920868,0.5429167565686547,0.3343801098301099,0.7273968402314492,0.7113990085886112,6.234
Kazakhstan,KAZ,2021,6.234,32945.85,10.40262058359181,0.6284470765247958,0.5600084006603112,0.6923455834560076,0.7375313009526057,6.144
Kenya,KEN,2014,4.419,4558.552,8.424760308221055,-0.9612716227662873,-1.1423112753141171,-1.0752425741234168,-1.0741594989161964,4.356
Kenya,KEN,2015,4.356,4679.622,8.450972616418913,-0.9467287415835215,-0.9401613803557609,-1.0413131894925687,-1.0576894687249163,4.553
Kenya,KEN,2016,4.553,4770.3105,8.470166676103466,-1.0039913362406614,-0.9256573520179416,-1.0179981254944404,-1.0238997182586673,4.41
Kenya,KEN,2017,4.41,4846.8623,8.486086826116468,-0.8249321116778578,-0.9827669635981048,-1.0009255835972783,-1.0006806058823967,4.509
Kenya,KEN,2018,4.509,5017.668,8.52072056292012,-0.9549091122488267,-0.8041861146887047,-0.9867650864136198,-0.9836783249154382,4.583
Kenya,KEN,2019,4.583,5171.7124,8.55095913123038,-0.8649250349304634,-0.9338158679579645,-0.9559594135985305,-0.9695761043323152,4.607
Kenya,KEN,2020,4.607,5057.4014,8.528608073053535,-0.7976642094601719,-0.8440721926177074,-0.9290631116764012,-0.9388972102500339,4.543
Kenya,KEN,2021,4.543,5338.8525,8.582766021222135,-0.7758498876860231,-0.7769910615552933,-0.9489437092905261,-0.9121115983003449,4.487
Kuwait,KWT,2014,6.295,60065.656,11.003193509597542,0.9583886933587937,1.0278539647320946,1.3210925465683017,1.3279131246552573,6.239
Kuwait,KWT,2015,6.239,57763.516,10.964112644290225,0.7584240770957646,0.9743703602363858,1.2521260090403183,1.3287836914179063,6.105
Kuwait,KWT,2016,6.105,56936.62,10.949693998339518,0.7075239929560845,0.7749399705913708,1.2173647484575205,1.2601009811670105,6.083
Kuwait,KWT,2017,6.083,52285.586,10.864476009773268,0.5857273630504217,0.7241758714090032,1.2045397942196268,1.2254827782799151,6.021
Kuwait,KWT,2018,6.021,51623.81,10.8517382791502,0.5657309014241185,0.602704634079767,1.1287409426947441,1.2127106043028637,6.1021
Kuwait,KWT,2019,6.1021,51380.645,10.84701682410785,0.509377236840901,0.5827615951152654,1.117411112356033,1.1372236979967176,6.106
Kuwait,KWT,2020,6.106,49372.82,10.807155349329966,0.5830914658360451,0.5265584853062153,1.1132115193386702,1.1259404948341727,6.106
Kuwait,KWT,2021,6.106,50651.957,10.832733146640185,0.5866362931243441,0.600075778943537,1.0777559299838144,1.1217581849673597,6.951
Kyrgyzstan,KGZ,2014,5.286,5513.7544,8.61500104942382,-0.38046530552957936,-0.5548981276324353,-0.9602727608414051,-0.9257228968557615,5.185
Kyrgyzstan,KGZ,2015,5.185,5600.2144,8.630560161704647,-0.15868636749240164,-0.3609067486141027,-0.8720997412638343,-0.9431928061942794,5.004
Kyrgyzstan,KGZ,2016,5.004,5715.0103,8.650851378502002,-0.2504883049586105,-0.13972031646235872,-0.8582603763424644,-0.8553826569152084,5.131
Kyrgyzstan,KGZ,2017,5.131,5861.222,8.676113393254402,-0.41500464833864825,-0.23127699534484297,-0.8402119460150314,-0.84160024699554,5.261
Kyrgyzstan,KGZ,2018,5.261,5951.8286,8.691453779055275,-0.2995705289504444,-0.39535381591642377,-0.8177421396085126,-0.8236260938033547,5.5415
Kyrgyzstan,KGZ,2019,5.5415,6087.602,8.714009522897289,-0.18140961934047267,-0.2802280909849825,-0.8040973253478384,-0.8012487604163269,5.744
Kyrgyzstan,KGZ,2020,5.744,5537.7954,8.619351758303038,0.07354526639488962,-0.16238286074020086,-0.7840346659577381,-0.7876601004968271,5.828
Kyrgyzstan,KGZ,2021,5.828,5736.479,8.654600886463736,0.25760360636426854,0.09189088605719357,-0.8682299158676677,-0.7676800076700188,5.825
Laos,LAO,2014,4.876,6341.2124,8.754825259433003,-0.6122424743799086,-0.25303303785157194,-0.856870876634271,-0.8959596456951543,4.876
Laos,LAO,2015,4.876,6703.741,8.810421007764068,-0.5313476978007736,-0.5920647002480975,-0.7477302893161303,-0.8402164656825688,4.623
Laos,LAO,2017,4.623,7432.4595,8.913612105816034,-0.5313476978007736,-0.5113860426189774,-0.6982795343281146,-0.7315250393173853,4.796
Laos,LAO,2018,4.796,7775.086,8.958679798079508,-0.7613070065032574,-0.5113860426189774,-0.6064941395830862,-0.6822777956790944,4.8886
Laos,LAO,2019,4.8886,8075.275,8.996562203238529,-0.6040621037146026,-0.7407309907107451,-0.566407775519324,-0.5908701377264388,5.03
Laos,LAO,2020,5.03,7995.595,8.986646044012357,-0.5198951788693457,-0.583906184308074,-0.5327125093863787,-0.5509487464736711,5.14
Laos,LAO,2021,5.14,8080.4355,8.99720104857752,-0.39137246641665324,-0.49996412030294474,-0.541532636375147,-0.5173921510059506,5.111
Latvia,LVA,2014,5.098,29243.742,10.283420881051763,-0.3768295852338875,-0.6147272445259405,0.5571137684963995,0.49450576529787055,5.56
Latvia,LVA,2015,5.56,30599.613,10.328742640801673,-0.32956522138989913,-0.3572807415296475,0.6119097880202459,0.5679490180684538,5.85
Latvia,LVA,2016,5.85,31668.516,10.363078280209354,0.09036047276246209,-0.31014264943173514,0.6522221375127383,0.62251952815578,5.933
Latvia,LVA,2017,5.933,33036.39,10.405364960164231,0.3539501942000916,0.10866116882279668,0.6827626616117249,0.6626659748090178,5.94
Latvia,LVA,2018,5.94,34729.707,10.455350709192311,0.4293913903356892,0.3715466824457714,0.7203753984212559,0.6930808113774057,5.95
Latvia,LVA,2019,5.95,35208.195,10.469034146989564,0.4357539008531497,0.4467863294482091,0.7648362268529663,0.7305387554272142,6.032
Latvia,LVA,2020,6.032,34225.9,10.440737946377737,0.4448432015923781,0.4531318418460056,0.7770072354321892,0.7748166082257677,6.18
Latvia,LVA,2021,6.18,36912.01,10.516292251328107,0.5193754676540525,0.46219685955714246,0.7518386114716888,0.7869375278147605,6.213
Lebanon,LBN,2014,4.839,15205.873,9.629437013787175,-0.48135654373501663,-0.35456123621630625,0.14617152309833964,0.1602253118996357,5.129
Lebanon,LBN,2015,5.129,14980.0205,9.614472625561596,-0.5649781105359194,-0.46152844520772385,0.030210702082308118,0.15869797861942686,5.225
Lebanon,LBN,2016,5.225,15572.361,9.653252891097132,-0.30138838909829074,-0.5449266081501845,0.01690032641685175,0.04321438678232068,5.199
Lebanon,LBN,2017,5.199,16128.584,9.688348380532977,-0.21413110200169608,-0.28204109452721055,0.05139421249512262,0.029958789097861326,5.197
Lebanon,LBN,2018,5.197,16290.052,9.698309893733414,-0.23776328392369026,-0.1950169245002947,0.0826106004631702,0.06431071784272557,4.7715
Lebanon,LBN,2019,4.7715,15659.566,9.65883725523994,-0.23958114407153577,-0.21858597054925089,0.09147106845527857,0.09539863680660023,4.584
Lebanon,LBN,2020,4.584,12507.437,9.434078706371862,-0.6263308905257132,-0.2203989740914781,0.056361337343328315,0.10422264012186584,2.955
Lebanon,LBN,2021,2.955,11599.775,9.358740980354616,-0.7967552793862495,-0.6061154777003603,-0.14355466819997484,0.06925740081330262,2.392
Lesotho,LSO,2016,3.808,3057.261,8.025274696067749,-0.5113512361744713,-0.49144300365447646,-1.43427393938744,-1.4263114415617069,3.808
Lesotho,LSO,2017,3.808,2924.681,7.980940693889441,-1.502085016750389,-0.49144300365447646,-1.3966436908502111,-1.4152432638738597,3.802
Lesotho,LSO,2018,3.802,2846.4182,7.953816710932725,-1.502085016750389,-1.4795299341684156,-1.4360774595316306,-1.3777678801647237,3.6528
Lesotho,LSO,2019,3.6528,2773.2864,7.927788321927024,-1.507538597193926,-1.4795299341684156,-1.4602034309549208,-1.4170393617487869,3.512
Lesotho,LSO,2020,3.512,2517.1104,7.830866855913585,-1.6431509642232165,-1.4849689447950976,-1.4833549043335867,-1.4410660443137175,3.512
Lesotho,LSO,2021,3.512,2544.7825,7.8418004636429774,-1.7711283186315554,-1.6202190090452626,-1.5695636489370264,-1.464122239317027,3.186
Liberia,LBR,2014,4.571,1750.1438,7.467453234970244,-1.1494201480683193,-1.2692215232700357,-1.93504972613183,-1.9507714316187137,3.622
Liberia,LBR,2015,3.622,1714.0905,7.446637898230574,-0.8085713703472466,-1.1278072469762979,-1.892809193210691,-1.9139581406019204,3.533
Liberia,LBR,2016,3.533,1653.3105,7.410534920471627,-1.6711460105000409,-0.7878690828086582,-1.9113238125477112,-1.8718914458328977,3.495
Liberia,LBR,2017,3.495,1661.3029,7.415357453011809,-1.7520407870791754,-1.6481392635955647,-1.9434363312400427,-1.8903298694642745,3.975
Liberia,LBR,2018,3.975,1647.9745,7.407302237048733,-1.786580129888244,-1.7288179212246846,-1.9391468328121026,-1.9223102311850142,4.5579
Liberia,LBR,2019,4.5579,1575.7666,7.362497163003762,-1.350293694405271,-1.7632649885270053,-1.9463117064386535,-1.9180383859074643,4.625
Liberia,LBR,2020,4.625,1497.377,7.31147018972136,-0.8204783543156358,-1.3281441383924266,-1.9861644794533078,-1.9251737729649485,5.122
Liberia,LBR,2021,5.122,1539.2089,7.339023862119257,-0.7594891463554119,-0.7997442560102475,-2.0315514457109076,-1.9648625344973019,4.042
Libya,LBY,2014,5.754,12499.083,9.433410560599416,-0.10960414350056694,-0.23762250774263863,0.3003053918526413,-0.2646290479435718,5.615
Libya,LBY,2015,5.615,12195.349,9.408809928526708,0.2666929071034969,-0.09076922082221836,-0.1441489638769166,0.3121975195120792,5.525
Libya,LBY,2016,5.525,11831.826,9.37854829840015,0.14035162682821994,0.28452251241885557,-0.16603049017517985,-0.1304277133689497,5.566
Libya,LBY,2017,5.566,15428.116,9.643946838096845,0.05854792017516266,0.15851876623405106,-0.19294730489301007,-0.1522191876760537,5.525
Libya,LBY,2018,5.525,16385.164,9.70413157023754,0.09581405320599946,0.07693360683381766,0.04311675674288918,-0.1790252280023737,5.4888
Libya,LBY,2019,5.4888,14337.196,9.570612558074213,0.05854792017516266,0.11410017944947913,0.09664927554965276,0.056067327418571206,5.41
Libya,LBY,2020,5.41,9978.664,9.208204492608953,0.025644651499155107,0.07693360683381766,-0.022111891534795296,0.10937953664342501,5.33
Libya,LBY,2021,5.33,12641.51,9.444741122591145,-0.04597903832596646,0.0441182427195015,-0.34446302429200154,-0.008892876620902278,5.866
Lithuania,LTU,2014,5.833,33988.016,10.433763270877705,-0.03143615714320069,0.13404321841398087,0.6618346880064597,0.622765907651792,5.813
Lithuania,LTU,2015,5.813,35264.715,10.470638167942248,0.33849838294340345,-0.01281006850643939,0.7456348462625372,0.6722389654795222,5.902
Lithuania,LTU,2016,5.902,36632.082,10.508679692814443,0.32031978146494583,0.3561361523368389,0.7784339640851513,0.7556942496620292,5.952
Lithuania,LTU,2017,5.952,38789.246,10.565898322245609,0.4012145580440808,0.33800611691456434,0.8122707624428828,0.7883583848592117,6.149
Lithuania,LTU,2018,6.149,41035.402,10.622190436530996,0.44666106174022363,0.4186847745436845,0.8631650216207849,0.8220559300850989,6.2155
Lithuania,LTU,2019,6.2155,43078.71,10.670784186532291,0.6257202863030271,0.46400986309936965,0.913235173293312,0.8727407372661397,6.255
Lithuania,LTU,2020,6.255,43108.2,10.671468513216027,0.6861641362188969,0.6425907120087697,0.9564578602324898,0.9226048285023748,6.446
Lithuania,LTU,2021,6.446,45897.37,10.73416309593207,0.7220668741388502,0.7028730797878308,0.9570665483459705,0.965649635298775,6.763
Luxembourg,LUX,2014,6.946,130249.55,11.77720750471521,1.448302003203216,1.4602553095533324,1.9313063187851052,1.9432651245934767,6.871
Luxembourg,LUX,2015,6.871,130097.336,11.776038187734454,1.3501375552195465,1.4629748148666737,1.9405883029900874,1.9364861687427593,6.863
Luxembourg,LUX,2016,6.863,133661.73,11.80306748427024,1.2819677996753327,1.365072623586393,1.9395482305159404,1.9457299535484778,6.91
Luxembourg,LUX,2017,6.91,132169.83,11.791842965528735,1.2746963590839497,1.2970849907528657,1.9635899812003674,1.944694161424612,7.09
Luxembourg,LUX,2018,7.09,131733.89,11.788539181887314,1.317416072558324,1.289832976583956,1.9536061075624185,1.968636969855625,7.2375
Luxembourg,LUX,2019,7.2375,132724.75,11.796032713856201,1.4810234858644384,1.3324385598263,1.9506674908463981,1.9586941841970211,7.324
Luxembourg,LUX,2020,7.324,129865.63,11.774255579504345,1.6150906717680604,1.4956088786267667,1.957332763362952,1.9557676611660082,7.404
Luxembourg,LUX,2021,7.404,136772.44,11.826073801886091,1.6937131231623879,1.6293178898660383,1.9379626538221655,1.9624055031892065,7.228
Madagascar,MDG,2014,3.681,1620.3579,7.390402329751817,-1.3584740650705767,-1.0253725468404487,-1.9627539551854802,-1.9433238426837525,3.695
Madagascar,MDG,2015,3.695,1627.5806,7.394849896665985,-1.6175191361385919,-1.3363026543324499,-1.9613436684168146,-1.941548354711832,3.644
Madagascar,MDG,2016,3.644,1648.9122,7.407871076751526,-1.604794115103672,-1.594655659099856,-1.957387690696079,-1.940143871886177,3.774
Madagascar,MDG,2017,3.774,1669.7277,7.420415838223854,-1.6511495488737378,-1.5819646343042644,-1.9458057405399167,-1.9362041747331622,3.933
Madagascar,MDG,2018,3.933,1678.7863,7.42582637083524,-1.532988639263766,-1.628196224631063,-1.9346475504880964,-1.9246698893357947,4.1656
Madagascar,MDG,2019,4.1656,1707.8315,7.442979716086164,-1.3884687575100314,-1.5103509943862814,-1.9298350435869025,-1.9135576200857598,4.208
Madagascar,MDG,2020,4.208,1545.7272,7.343249758208594,-1.1770516223155736,-1.3662172127792025,-1.9145776561302732,-1.9087649187421403,4.339
Madagascar,MDG,2021,4.339,1577.4325,7.363553804276428,-1.1385129871812445,-1.155364900818154,-2.0032844702305375,-1.8935703220662652,4.019
Malawi,MWI,2014,4.292,1597.5648,7.3762357488093,-1.224861344203916,-0.7398244889396318,-2.019297815802831,-1.9891035805350183,4.156
Malawi,MWI,2015,4.156,1597.6914,7.376314991281354,-1.0621628609717246,-1.2030468939787349,-1.9739444183704733,-1.9978595127668928,3.97
Malawi,MWI,2016,3.97,1593.5955,7.373748063031166,-1.1857773510252336,-1.040783076949382,-1.9738739345621283,-1.9526927642770697,3.587
Malawi,MWI,2017,3.587,1613.0593,7.385887841243609,-1.3548383447748853,-1.164067317820846,-1.9761571404507505,-1.9526225705402307,3.41
Malawi,MWI,2018,3.41,1638.9166,7.4017906927633765,-1.7029585630873407,-1.332676647247995,-1.9653591708934823,-1.9548963800442638,3.538
Malawi,MWI,2019,3.538,1687.2894,7.430878614958517,-1.863839186171687,-1.6798668255845444,-1.9512140602020702,-1.9441428488248818,3.6
Malawi,MWI,2020,3.6,1656.4398,7.412425879395301,-1.7474961367095612,-1.8403176390716702,-1.9253412235776441,-1.9300559514119022,3.75
Malawi,MWI,2021,3.75,1687.5936,7.431058887875133,-1.6911424721263435,-1.7242854123691163,-1.9417543798456631,-1.9042895927553845,3.495
Malaysia,MYS,2014,5.77,26818.432,10.196844691293633,0.2721464875470343,0.347071134625702,0.4726762239932237,0.45173755183262604,6.005
Malaysia,MYS,2015,6.005,27699.627,10.229174226380795,0.2812357882862627,0.289961523045538,0.5349028571659123,0.48385897076028445,6.084
Malaysia,MYS,2016,6.084,28425.371,10.255037370424503,0.49483435565813516,0.29902654075667484,0.5636590114846131,0.5458295142916952,6.322
Malaysia,MYS,2017,6.322,29551.545,10.29389130573143,0.5666398314980409,0.512054456968396,0.5866635044129063,0.5744673245369897,5.339
Malaysia,MYS,2018,5.339,30459.965,10.32416847740056,0.782965189091682,0.5836680968863786,0.6212229175489905,0.5973771439783624,5.3843
Malaysia,MYS,2019,5.3843,31300.508,10.351389606428487,-0.11051307357448929,0.7994155184114409,0.6481535560040117,0.6317943301087169,5.384
Malaysia,MYS,2020,5.384,29200.453,10.281939501834668,-0.06933854122578442,-0.09167572259333157,0.672365935951509,0.658614137281541,5.711
Malaysia,MYS,2021,5.711,29822.85,10.303030157192524,-0.06961122024796065,-0.050611192361881385,0.6105921455222497,0.6827268727620456,6.012
Mali,MLI,2014,3.995,2609.1672,7.866786368939968,-1.1030647142982533,-1.3353961525613363,-1.5683563336380981,-1.5133576274251916,4.073
Mali,MLI,2015,4.073,2686.5605,7.896017029922749,-1.3321150929268137,-1.0815756566494987,-1.5376143166359448,-1.5487738507954913,4.19
Mali,MLI,2016,4.19,2759.1106,7.922663660401863,-1.2612185471608304,-1.3100141029701524,-1.5116145181299572,-1.5181583505548086,4.447
Mali,MLI,2017,4.447,2816.1943,7.9431417134771864,-1.1548737285118558,-1.239306964823283,-1.4879131374554468,-1.4922655525200539,4.39
Mali,MLI,2018,4.39,2862.4072,7.959418228123007,-0.9212786995136809,-1.1332462576029796,-1.4696985218479874,-1.4686617133284303,4.7293
Mali,MLI,2019,4.7293,2916.1716,7.978026939133715,-0.9730877137272843,-0.9002753024267575,-1.4552210489841213,-1.4505220587808758,4.723
Mali,MLI,2020,4.723,2796.4104,7.936091873698286,-0.6646877396452573,-0.951945903380239,-1.4386691572215797,-1.4361041670102375,4.479
Mali,MLI,2021,4.479,2796.228,7.9360266450934605,-0.6704139991109717,-0.6443698524413581,-1.475969143434645,-1.4196203934763034,4.198
Malta,MLT,2014,6.302,43163.15,10.672742400953522,0.45756822262729835,0.47126187726827934,0.8665501352756961,0.8484695260148374,6.488
Malta,MLT,2015,6.488,46171.89,10.740126450335707,0.7647865876132244,0.47488788435273455,0.9581996333799914,0.8761119197070775,6.527
Malta,MLT,2016,6.527,46967.348,10.75720791585581,0.9338475813628772,0.7812854829891663,1.0181357295047526,0.9673842402927418,6.627
Malta,MLT,2017,6.627,51628.27,10.85182466966171,0.9692958542458684,0.9498948124163163,1.0333291820911061,1.0270736733317212,6.726
Malta,MLT,2018,6.726,53419.004,10.885921841787779,1.060188861638154,0.9852483814897507,1.1174879541316394,1.0422045982571,6.7728
Malta,MLT,2019,6.7728,53393.42,10.885442796382176,1.1501729389565174,1.075898558601121,1.1478163687174052,1.1260170203724744,6.602
Malta,MLT,2020,6.602,50389.695,10.827541968868074,1.1927108664161075,1.165642233941378,1.1473902721598133,1.1562206203504783,6.447
Malta,MLT,2021,6.447,56823.996,10.94771398028485,1.0374656097900832,1.2080665168294995,1.0958892181951645,1.1557962773654167,6.3
Mauritania,MRT,2014,4.436,5837.852,8.67211819994506,-0.6386014465236715,-0.7226009552884713,-0.8400187118857153,-0.8332559796981405,4.201
Mauritania,MRT,2015,4.201,5969.5425,8.694425570284347,-0.9312769303268326,-0.618353251610395,-0.8212957445405578,-0.8234336549164668,4.292
Mauritania,MRT,2016,4.292,5866.2812,8.676976185654041,-1.144875497698705,-0.9102468219090083,-0.8014540059510157,-0.8047877407195613,4.356
Mauritania,MRT,2017,4.356,6050.6216,8.707916289548757,-1.0621628609717246,-1.1232747381207295,-0.8169747115795561,-0.7850276595081972,4.49
Mauritania,MRT,2018,4.49,6153.6377,8.724798681870753,-1.0039913362406614,-1.040783076949382,-0.7894544147415614,-0.8004844906872595,4.3746
Mauritania,MRT,2019,4.3746,6162.2104,8.726190823331889,-0.8821947063349979,-0.9827669635981048,-0.7744380318096296,-0.7730774518319928,4.227
Mauritania,MRT,2020,4.227,5963.2354,8.693368465117354,-0.987085236865696,-0.861295726268868,-0.7731997636260031,-0.7581228678424472,4.153
Mauritania,MRT,2021,4.153,5836.566,8.671897889175787,-1.12124331577671,-0.9659060306553897,-0.8023942693736471,-0.7568896956705891,4.724
Mauritius,MUS,2014,5.477,21721.31,9.986049085304618,0.014919276626865327,0.03342152182035975,0.2877843075529977,0.27162047807968126,5.648
Mauritius,MUS,2015,5.648,22499.025,10.021227253920262,0.014919276626865327,0.03342152182035975,0.3474064716106793,0.2997279649164099,5.629
Mauritius,MUS,2016,5.629,23357.23,10.058661851144022,0.17034631926767385,0.03342152182035975,0.3786964002358024,0.359104757855211,5.891
Mauritius,MUS,2017,5.891,24258.988,10.096542466871155,0.1530766478631394,0.18843332468080287,0.4119933546065527,0.3902659148243941,5.888
Mauritius,MUS,2018,5.888,25243.887,10.136339306382908,0.3912163272309292,0.17120979102964234,0.44568702909336455,0.42342583775594067,6.1013
Mauritius,MUS,2019,6.1013,25958.49,10.164254002716433,0.3884895370091605,0.4087132550614337,0.48108512731256703,0.45698084812784345,6.049
Mauritius,MUS,2020,6.049,22272.54,10.011109808529879,0.5823643217769069,0.40599374974809244,0.5059144146302573,0.4922332677876786,6.071
Mauritius,MUS,2021,6.071,23010.201,10.043692918323723,0.5348272789107414,0.5993505775266461,0.3696972352254644,0.5169603717964193,5.902
Mexico,MEX,2014,7.187,21069.766,9.95559440089888,1.479205625716593,1.1783332587369701,0.3130768775922863,0.30600990627697094,6.778
Mexico,MEX,2015,6.778,21408.928,9.971563310269461,1.5691897030349564,1.4937958750845395,0.32031794088675714,0.3249164450369914,6.578
Mexico,MEX,2016,6.578,21578.264,9.979441790719916,1.1974373028005059,1.5835395504247967,0.3345218080603412,0.33212770820879767,6.488
Mexico,MEX,2017,6.488,21777.523,9.988633661828409,1.0156512880159345,1.2127803260392902,0.3415294807354763,0.3462731202954875,6.595
Mexico,MEX,2018,6.595,21997.773,9.9986964999439,0.9338475813628772,1.0314799718165497,0.34970537511072186,0.3532519533517959,6.465
Mexico,MEX,2019,6.465,21704.186,9.985260424150923,1.0311030992726227,0.9498948124163163,0.3586559685836255,0.36139420036817066,6.317
Mexico,MEX,2020,6.317,19728.482,9.889818657384657,0.9129421896626508,1.0468905019254824,0.34670498110734593,0.37030795825870655,6.128
Mexico,MEX,2021,6.128,20782.588,9.941870799728047,0.7784205387220678,0.9290452716807006,0.26181238471891377,0.35840615429019007,6.33
Moldova,MDA,2014,5.889,11641.121,9.362299022490243,0.3003233198386435,-0.12249678281119819,-0.3285856651696062,-0.30898214605803576,5.897
Moldova,MDA,2015,5.897,11691.08,9.366581436853991,0.3893984670830837,0.3180630779500634,-0.2074005497161303,-0.3141053774734717,5.838
Moldova,MDA,2016,5.838,12377.366,9.423624761081237,0.3966699076744666,0.40690025151920645,-0.20359147024843727,-0.19341899144118405,5.64
Moldova,MDA,2017,5.64,13118.822,9.481803271881658,0.34304303331301766,0.4141522656881161,-0.15285313980514859,-0.18962558799105367,5.529
Moldova,MDA,2018,5.529,13895.504,9.539320613559092,0.16307487867629097,0.3606686611924073,-0.10110509486424311,-0.13909606783011152,5.6075
Moldova,MDA,2019,5.6075,14621.24,9.59023054502863,0.0621836404708537,0.1811813105118932,-0.04994514007929279,-0.08756098858556591,5.766
Moldova,MDA,2020,5.766,13559.26,9.51482498773388,0.13353465127379824,0.08055961391827209,-0.004662279012916599,-0.036611579250380076,5.857
Moldova,MDA,2021,5.857,15682.07,9.660273300497268,0.2776000679905717,0.151720002950698,-0.07173326646168061,0.0084849231612647,5.819
Mongolia,MNG,2014,4.874,13943.428,9.542763565130695,-0.5695227609055344,-0.796027598748681,-0.17456313026664452,-0.24681798410040864,4.907
Mongolia,MNG,2015,4.907,13974.597,9.544996460398197,-0.53316555794862,-0.5494591170057537,-0.04688273765259799,-0.16071671224497172,4.955
Mongolia,MNG,2016,4.955,13898.1455,9.53951069295172,-0.5031708655091652,-0.5131990461612054,-0.04489664410944389,-0.033561779940693474,5.125
Mongolia,MNG,2017,5.125,14401.537,9.57509021597931,-0.45954222196086797,-0.4832844877144528,-0.04977607014579341,-0.03158386003569202,5.285
Mongolia,MNG,2018,5.285,15230.241,9.631038269795525,-0.3050241093939818,-0.4397724027009949,-0.018129148777803097,-0.036443205113140496,5.4562
Mongolia,MNG,2019,5.4562,15790.696,9.667176184808973,-0.15959529756632398,-0.285667101611665,0.03163497139999871,-0.004926524581388076,5.677
Mongolia,MNG,2020,5.677,14801.342,9.602473131317092,-0.003986468910730505,-0.14062681823347192,0.0637785657350573,0.044632794612733985,5.761
Mongolia,MNG,2021,5.761,14792.251,9.601858741554688,0.19670529141143672,0.014566284981194328,0.00622713525245609,0.07664410408642454,5.84
Montenegro,MNE,2014,5.192,20641.764,9.935071681059844,-0.14687027653140375,-0.2657240626471632,0.25492965959419783,0.2908509760434669,5.161
Montenegro,MNE,2015,5.161,21131.842,9.958536281443838,-0.24412579444114998,-0.12793579343787984,0.3020635955291861,0.2670085281136874,5.237
Montenegro,MNE,2016,5.237,21834.092,9.991227880443136,-0.2723026267327592,-0.2249314829470465,0.32293465562484125,0.313948487416321,5.347
Montenegro,MNE,2017,5.347,22513.781,10.021882889586635,-0.20322394111462133,-0.25303303785157194,0.35201285496220736,0.334733654028423,5.523
Montenegro,MNE,2018,5.523,23562.176,10.067397993432696,-0.1032416329831064,-0.18413890324692983,0.3792795685476335,0.3636921839371595,5.5461
Montenegro,MNE,2019,5.5461,24585.115,10.109896457484073,0.05673006002731633,-0.0844237084244219,0.419763891829743,0.3908466831451576,5.581
Montenegro,MNE,2020,5.581,20904.6,9.947724509429179,0.07772634473493471,0.07512060329158965,0.45756500425756785,0.4311643958411227,5.547
Montenegro,MNE,2021,5.547,23689.979,10.07280741070246,0.10944800431484288,0.09606079420431655,0.3133179078530619,0.4688099402616815,5.722
Morocco,MAR,2014,5.013,7951.7983,8.981153383326593,-0.5231673271354684,-0.5866256896214151,-0.5833205236164016,-0.5824090629753819,5.151
Morocco,MAR,2015,5.151,8198.809,9.011744178800988,-0.4068242776733422,-0.5032275266789545,-0.5464181937416311,-0.5677918912614843,5.235
Morocco,MAR,2016,5.235,8141.9404,9.004783808967353,-0.2813919274719876,-0.3871952999764001,-0.5192085962939145,-0.5310414305131331,5.254
Morocco,MAR,2017,5.254,8450.009,9.041922785439409,-0.20504180126246685,-0.2620980555627088,-0.5253996370407613,-0.5039438123851132,5.208
Morocco,MAR,2018,5.208,8611.75,9.0608828288014,-0.1877721298579332,-0.18595190678915705,-0.4923656284851266,-0.5101093743084538,5.0948
Morocco,MAR,2019,5.0948,8768.176,9.078884081979037,-0.2295829132583842,-0.16872837313799732,-0.47550123710626124,-0.47721131505570863,4.918
Morocco,MAR,2020,4.918,8054.563,8.993994042122,-0.33247379762645196,-0.2104274546092272,-0.459489660914073,-0.46041632797719484,5.06
Morocco,MAR,2021,5.06,8623.266,9.06221917820935,-0.4931726346960137,-0.3130434550992987,-0.5349968118727296,-0.44447064638020306,4.903
Mozambique,MOZ,2014,4.971,1449.9293,7.27927007560519,-0.44499934077810216,-0.6772758667327862,-2.1313085160508516,-2.152105393411422,4.55
Mozambique,MOZ,2016,4.55,1537.9086,7.338178720471338,-0.44499934077810216,-0.4252683743631756,-2.060192483947552,-2.1094092402998026,4.417
Mozambique,MOZ,2017,4.417,1532.0073,7.334334115302239,-0.8276589018996265,-0.4252683743631756,-2.0077950065972168,-2.03858588157801,4.466
Mozambique,MOZ,2018,4.466,1538.8351,7.3387809805998,-0.948546601731367,-0.8069056200020459,-2.0112146678833756,-1.9864040426206646,4.6236
Mozambique,MOZ,2019,4.6236,1528.8899,7.332297195488106,-0.9040090281091465,-0.9274703555601688,-2.0072593142296227,-1.9898096305143318,4.794
Mozambique,MOZ,2020,4.794,1466.1248,7.290378008427643,-0.7607616484589041,-0.8830517687755969,-2.013026447123383,-1.9858705548599926,5.048
Mozambique,MOZ,2021,5.048,1457.2354,7.284296358004308,-0.6058799638624489,-0.7401870896480773,-2.0503123099969205,-1.991613953495307,4.954
Myanmar,MMR,2014,4.307,5006.507,8.518493745329243,-0.9285501401050639,-0.10708625270226488,-1.0848086396388836,-1.1224444526950328,4.395
Myanmar,MMR,2015,4.395,5313.886,8.578078673323366,-1.0485289098628812,-0.9075273165956671,-0.957940101230141,-1.0672161657230554,4.545
Myanmar,MMR,2016,4.545,5580.9897,8.627121405239338,-0.9685430633576702,-1.027185550382676,-0.9049410902685502,-0.9408697464911673,4.308
Myanmar,MMR,2017,4.308,5877.8745,8.678950495951339,-0.8322035522692408,-0.9474133945246705,-0.8613190473476074,-0.888088849494823,4.36
Myanmar,MMR,2018,4.36,6201.263,8.732508259964604,-1.0476199797889587,-0.8114381288576143,-0.8152186216318031,-0.8446463302400964,4.308
Myanmar,MMR,2019,4.308,6562.989,8.789201418409542,-1.0003556159449696,-1.0262790486115627,-0.7675805927279625,-0.7987356278128968,4.426
Myanmar,MMR,2020,4.426,5926.8345,8.687245538334038,-1.0476199797889587,-0.9791409565136496,-0.7171537242727918,-0.7512936501030733,4.394
Myanmar,MMR,2021,4.394,5178.4473,8.552260541285058,-0.940366231066061,-1.0262790486115627,-0.8078404295794294,-0.7010743101287962,4.372
Namibia,NAM,2016,4.574,11846.788,9.379812054968951,-0.8058445801254779,-0.5023210249078406,-0.16813233807081385,-0.2463996708655091,4.441
Namibia,NAM,2017,4.441,11408.726,9.34213378018036,-0.8058445801254779,-0.785149577495317,-0.19182323123046693,-0.1543123855540639,4.639
Namibia,NAM,2018,4.639,11214.386,9.32495269735036,-0.9267322799572183,-0.785149577495317,-0.22533692950549614,-0.17790578039151186,4.5711
Namibia,NAM,2019,4.5711,10813.305,9.28853259933586,-0.7467641253204916,-0.9057143130534399,-0.2406189887089403,-0.21128155523196715,4.574
Namibia,NAM,2020,4.574,9652.248,9.174946120571484,-0.8084804773398537,-0.7262269623729257,-0.2730135763819022,-0.226500722119696,4.459
Namibia,NAM,2021,4.459,9709.1,9.18081886903901,-0.8058445801254779,-0.7877784326315462,-0.3740453512917479,-0.2587619919846143,4.631
Nepal,NPL,2014,4.514,3621.7317,8.194707560603032,-1.1857773510252336,-0.8757997546066872,-1.324249005538659,-1.343834385082937,4.793
Nepal,NPL,2015,4.793,3745.2617,8.228246773349625,-0.8603803845608492,-1.164067317820846,-1.2459382264474541,-1.3056711304483761,4.962
Nepal,NPL,2016,4.962,3743.7446,8.227841619458713,-0.6067888939363713,-0.8395396837621389,-1.2161061000383206,-1.2276826342496108,4.88
Nepal,NPL,2017,4.88,4071.7043,8.31181693771536,-0.45317971144340824,-0.5866256896214151,-1.2164664723040663,-1.197973280006689,4.913
Nepal,NPL,2018,4.913,4371.3857,8.382835331647525,-0.5277119775050826,-0.43342689030319925,-1.1417729388449671,-1.1983321691839313,5.1372
Nepal,NPL,2019,5.1372,4607.5244,8.435445985243467,-0.4977172850656279,-0.507760035534523,-1.0786042019647843,-1.1239460320793195,5.269
Nepal,NPL,2020,5.269,4412.542,8.39220621960985,-0.29393516249212287,-0.47784547708777037,-1.0318085994442483,-1.0610372620066408,5.377
Nepal,NPL,2021,5.377,4546.2295,8.422053487080145,-0.17413817874908977,-0.27460778000407776,-1.070269077453363,-1.014434243729408,5.36
Netherlands,NLD,2014,7.378,62045.848,11.035628874614716,1.8645919770598853,1.8781526260367503,1.272839411059296,1.2927114606494883,7.339
Netherlands,NLD,2015,7.339,63081.41,11.052181393395328,1.7427953471542226,1.8781526260367503,1.2809762959158504,1.2807291385339439,7.377
Netherlands,NLD,2016,7.377,64267.746,11.070813166955254,1.7073470742712311,1.7566813887075143,1.2956992662009217,1.2888325365727518,7.441
Netherlands,NLD,2017,7.441,65665.99,11.092336414430395,1.7418864170802992,1.72132781963408,1.3122716714110751,1.3034949154360056,7.488
Netherlands,NLD,2018,7.488,66758.24,11.108833014336588,1.8000579418113625,1.7557748869364003,1.3314159561700754,1.3199991179957986,7.4489
Netherlands,NLD,2019,7.4489,67847.88,11.125023419380616,1.8427776552857373,1.8137910002876774,1.3460891882891692,1.3390646157022703,7.464
Netherlands,NLD,2020,7.464,64862.188,11.080020113489056,1.8072384893953533,1.8563965835300222,1.3604900692382187,1.3536774610937174,7.415
Netherlands,NLD,2021,7.415,68573.56,11.135662316679017,1.8209633335115887,1.820952364279476,1.3204609749261493,1.368019076158558,7.403
New Zealand,NZL,2014,7.286,44369.766,10.700313570525378,1.6000933255483334,1.7512423780808317,0.9484667742214198,0.9423826369394882,7.334
New Zealand,NZL,2015,7.334,45097.016,10.716571359222009,1.6591737803533189,1.6143606106426625,0.9827233639198143,0.9576914360798333,7.314
New Zealand,NZL,2016,7.314,45746.137,10.73086262998018,1.7028024239016162,1.6732832257650527,0.997184180612065,0.9918070450225613,7.324
New Zealand,NZL,2017,7.324,46285.98,10.742594386443416,1.6846238224231593,1.7167953107785108,1.00989583842664,1.0062083491689697,7.307
New Zealand,NZL,2018,7.307,46974.684,10.757364097276602,1.6937131231623879,1.698665275356237,1.0203308848440007,1.0188676929867269,7.2996
New Zealand,NZL,2019,7.2996,47392.19,10.76621272617495,1.6782613119056997,1.707730293067374,1.0334681007927173,1.0292597946526605,7.277
New Zealand,NZL,2020,7.277,46326.38,10.743466840240352,1.67153522935867,1.6923197629584414,1.041338691490165,1.0423429452478754,7.2
New Zealand,NZL,2021,7.2,48202.09,10.783157660094481,1.6509934096880137,1.6856116498521996,1.0211069063968308,1.0501811450437817,7.123
Nicaragua,NIC,2014,5.828,6712.2173,8.811684622474,0.04218717884455055,-0.29473211932280186,-0.7569550591453686,-0.7840325488382335,5.992
Nicaragua,NIC,2015,5.992,6939.032,8.844917562504422,0.33395373257378924,0.06061657495377034,-0.6971555868447922,-0.7407118452093834,6.071
Nicaragua,NIC,2016,6.071,7158.7573,8.876091683438645,0.48301826469713804,0.35160364348127043,-0.6675958808545138,-0.681158473728171,6.141
Nicaragua,NIC,2017,6.141,7391.1963,8.908044881761107,0.5548237405370438,0.5002699339439179,-0.6398674328605215,-0.6517204187756778,6.105
Nicaragua,NIC,2018,6.105,7049.027,8.860644872097083,0.6184488457116443,0.5718835738619005,-0.6114460188358696,-0.62410608539689,6.1371
Nicaragua,NIC,2019,6.1371,6756.5933,8.818274092307538,0.5857273630504217,0.6353386978398601,-0.6536069094559082,-0.5958016378438449,5.972
Nicaragua,NIC,2020,5.972,6523.3696,8.78314633123645,0.6149040184233453,0.602704634079767,-0.691294450552521,-0.6377890180744514,6.165
Nicaragua,NIC,2021,6.165,7119.169,8.870546284111327,0.46483966321868125,0.6318033409325169,-0.7225395431747083,-0.6753214585591881,6.259
Niger,NER,2014,3.845,1471.5055,7.294041305349179,-1.1894130713209248,-1.194888378038712,-2.0840726732006343,-2.1177802087529987,3.856
Niger,NER,2015,3.856,1480.3982,7.300066384623664,-1.4684546040152426,-1.1676933249053005,-2.0470539169731143,-2.062367793473188,4.028
Niger,NER,2016,4.028,1488.0864,7.305246278223487,-1.4584563732020916,-1.4459893686372083,-2.0416947891993193,-2.0255013855171318,4.166
Niger,NER,2017,4.166,1515.483,7.323489479014949,-1.3021204004873599,-1.4360178491549578,-2.03708742879932,-2.020164312883382,4.628
Niger,NER,2018,4.628,1565.0197,7.355653690754452,-1.1766880502860044,-1.2800995445234005,-2.0208606474425226,-2.0155759137739415,4.9096
Niger,NER,2019,4.9096,1605.1948,7.3810003989157975,-0.7567623561336432,-1.1550023001097085,-1.9922515432959003,-1.9994159126751279,5.074
Niger,NER,2020,5.074,1622.2787,7.391587044822671,-0.5008076473169657,-0.7361984818551767,-1.9697064046357364,-1.970924547426541,5.003
Niger,NER,2021,5.003,1587.8479,7.370134856363379,-0.3513795431640478,-0.480927583109557,-1.9602898998021614,-1.9484721918108336,4.501
Nigeria,NGA,2014,5.268,8884.774,9.09209430413694,-0.19322571030146976,-0.5295160780412519,-0.5119591274986737,-0.5088491855074022,4.875
Nigeria,NGA,2015,4.875,8892.058,9.092913797779863,-0.17504710882301294,-0.17416738376467897,-0.4477395634897574,-0.4967241783048261,5.074
Nigeria,NGA,2016,5.074,8534.692,9.051894547875584,-0.5322566278746969,-0.15603734834240524,-0.44701064840961396,-0.43276890571377313,5.155
Nigeria,NGA,2017,5.155,8396.784,9.03560405438004,-0.3513795431640478,-0.5122925443900914,-0.48349604410443675,-0.4320429904359953,5.265
Nigeria,NGA,2018,5.265,8362.623,9.031527412848494,-0.27775620717629573,-0.3318986919384641,-0.4979859507369536,-0.46837823286976277,4.7241
Nigeria,NGA,2019,4.7241,8361.787,9.031427439217055,-0.1777738990447816,-0.25847204847825356,-0.5016120014261174,-0.4828085072386897,4.759
Nigeria,NGA,2020,4.759,7664.211,8.944316850586956,-0.6694141760296565,-0.15875685365574646,-0.5017009249805611,-0.4864196351532648,4.552
Nigeria,NGA,2021,4.552,7588.479,8.934386455050946,-0.6376925164497483,-0.6490836616511496,-0.5791831876449138,-0.4865081927486329,4.981
North Macedonia,MKD,2014,5.007,18452.207,9.822939262910905,-0.8058445801254779,-0.9709824405736267,0.13930051838090154,0.15243426490160905,5.121
North Macedonia,MKD,2015,5.121,19215.074,9.863450354149478,-0.41227785811687956,-0.785149577495317,0.20232516403840042,0.15185525107276907,5.175
North Macedonia,MKD,2016,5.175,19825.773,9.894738036915674,-0.3086598296896728,-0.39263431060308257,0.2383585678016956,0.21462052292077213,5.185
North Macedonia,MKD,2017,5.185,20121.05,9.909521809730716,-0.25957760569783894,-0.2892931086961194,0.26618802564801464,0.25050563356626104,5.274
North Macedonia,MKD,2018,5.274,20805.922,9.942992936705233,-0.2504883049586105,-0.24034201305597985,0.2793377493089267,0.278220561097931,5.1598
North Macedonia,MKD,2019,5.1598,21766.885,9.988145057173977,-0.16959352837947556,-0.23127699534484297,0.30910931546059117,0.29131616793066945,5.101
North Macedonia,MKD,2020,5.101,20971.441,9.950916838750116,-0.2733933428214665,-0.15059833771572279,0.3492707758872624,0.3209652111479032,5.199
North Macedonia,MKD,2021,5.199,22144.193,10.005330574058606,-0.32683843116813044,-0.25412083997690826,0.31615738928517906,0.3609613897094071,5.254
Norway,NOR,2014,7.522,86790.79,11.37125578902802,1.9945689776308548,1.8890306472901153,1.5705979047244762,1.5642286158432332,7.498
Norway,NOR,2015,7.498,87688.12,11.3815417073829,1.8736812777991145,2.007782379306011,1.5795063959731992,1.5772622265819094,7.537
Norway,NOR,2016,7.537,88041.64,11.385565163363312,1.8518669560249659,1.887217643747888,1.588655412645571,1.586134055517216,7.594
Norway,NOR,2017,7.594,89664.91,11.403834778645892,1.887315228907957,1.8654616012411591,1.592234156378053,1.595245420009513,7.554
Norway,NOR,2018,7.554,90064.07,11.40827658492859,1.9391242431215605,1.9008151703145932,1.608484432634509,1.5988094356560945,7.488
Norway,NOR,2019,7.488,90772.9,11.416116061892108,1.9027670401646462,1.9524857712680748,1.6124352864458815,1.6149928349628422,7.392
Norway,NOR,2020,7.392,89012.27,11.396529504380288,1.8427776552857373,1.9162257004235266,1.61940826668618,1.618927429293608,7.365
Norway,NOR,2021,7.365,92205.77,11.431777988931456,1.7555203681891427,1.8563965835300222,1.6019866097132764,1.625871712689528,7.315
Pakistan,PAK,2014,5.194,4520.235,8.416319262625226,-0.15323278704886428,-0.263911059104936,-1.0949013709084159,-1.0868027240081755,5.132
Pakistan,PAK,2015,5.132,4645.286,8.443608220934834,-0.24230793429330447,-0.13428130583567627,-1.0488212470353206,-1.0772673610167758,5.269
Pakistan,PAK,2016,5.269,4886.6123,8.494254561199048,-0.29866159887652205,-0.22311847940481933,-1.024548534970888,-1.0313768768813785,5.472
Pakistan,PAK,2017,5.472,5031.5605,8.52348545354834,-0.17413817874908977,-0.27932158921386935,-0.9795001303962907,-1.007204057576822,5.653
Pakistan,PAK,2018,5.653,5255.0635,8.566947366967826,0.010374626257251123,-0.15513084657129123,-0.953500126096714,-0.9623410467665899,5.6933
Pakistan,PAK,2019,5.6933,5295.953,8.574698222955108,0.17489096963728806,0.028889012964791315,-0.9148420542776416,-0.9364480437851759,4.934
Pakistan,PAK,2020,4.934,5135.0146,8.543837965591333,0.21152085161637954,0.19296583353637128,-0.9079478997445991,-0.8979490667337278,4.516
Pakistan,PAK,2021,4.516,5367.2734,8.588075311814729,-0.47862975351324794,0.22949785491225386,-0.9353971754819391,-0.8910832846430183,4.555
Palestine,PSE,2014,4.715,5990.427,8.6979179740446,-0.6913193908111972,-0.8023731111464775,-0.7955779353896536,-0.809737607612677,4.754
Palestine,PSE,2015,4.754,6072.6504,8.71155042796361,-0.6776854397023546,-0.6709303543349897,-0.7983476172818841,-0.7791757715311316,4.775
Palestine,PSE,2016,4.775,6464.1333,8.774024221894244,-0.6422371668193633,-0.6573328277682845,-0.7862219573371702,-0.7819340549785794,4.743
Palestine,PSE,2017,4.743,6426.7954,8.76823131041614,-0.6231496352669825,-0.6219792586948502,-0.7306533865457716,-0.7698582973947546,4.696
Palestine,PSE,2018,4.696,6342.9375,8.755097268203672,-0.652235397632514,-0.6029427215014617,-0.73580600801001,-0.7145184154241188,4.5528
Palestine,PSE,2019,4.5528,6269.891,8.743514249105841,-0.694955111106889,-0.6319507781771003,-0.7474883456517908,-0.7196498316115304,4.517
Palestine,PSE,2020,4.517,5423.6826,8.59853031020889,-0.8251138976926421,-0.674556361419445,-0.7577910946321167,-0.7312840913563814,4.483
Palestine,PSE,2021,4.483,5663.1216,8.64173053860091,-0.8576535943390805,-0.8043674150429271,-0.8867499710716749,-0.7415444400467346,4.908
Panama,PAN,2014,6.786,28931.816,10.272697168208868,1.52919677978235,1.289832976583956,0.5384929595191009,0.4836148701147092,6.701
Panama,PAN,2015,6.701,29933.168,10.306722442221627,1.2047087433918888,1.543653472495793,0.6023713662474518,0.549404841813322,6.452
Panama,PAN,2016,6.452,30765.25,10.334141085258915,1.1274496871084456,1.2200323402081998,0.6326358296122676,0.6130203611342975,6.43
Panama,PAN,2017,6.43,31979.824,10.372860482933152,0.9011260987016537,1.142979689663535,0.6570238923624401,0.6431602730784209,6.321
Panama,PAN,2018,6.321,32681.473,10.394563621397575,0.8811296370753506,0.9172607486562225,0.6914636382989539,0.66744796835051,6.3048
Panama,PAN,2019,6.3048,33163.72,10.409211786310587,0.7820562590177589,0.8973177096917208,0.710767930711463,0.7017459797638318,6.18
Panama,PAN,2020,6.18,26881.828,10.199205798277166,0.7673315918202089,0.7985090166403269,0.7237970352002441,0.7209708266227735,6.309
Panama,PAN,2021,6.309,30932.764,10.339571224764391,0.6538971185946355,0.7838236879482853,0.5370029911950099,0.7339463106836993,6.265
Paraguay,PRY,2014,5.878,14217.558,9.562232958652148,0.28941615895156875,-0.03819211809762357,-0.12068587899286606,-0.08830478587711049,5.538
Paraguay,PRY,2015,5.538,14425.777,9.576771954743668,0.37940023626993213,0.30718505669669854,-0.02956529454415343,-0.10706118927703706,5.493
Paraguay,PRY,2016,5.493,14824.791,9.604056125958794,0.07036401113615975,0.39692873203695556,-0.016633292456293098,-0.01631560563737911,5.681
Paraguay,PRY,2017,5.681,15318.401,9.636810064479157,0.029462157809631104,0.08871812985829575,0.007635161630803772,-0.0034368243587901896,5.743
Paraguay,PRY,2018,5.743,15591.015,9.654450065769604,0.2003410117071286,0.04792555015817905,0.03676881010726429,0.020731754491857886,5.6921
Paraguay,PRY,2019,5.6921,15319.389,9.636874559992727,0.25669467629034615,0.2183478831275555,0.052459063552683906,0.04974550534238146,5.653
Paraguay,PRY,2020,5.653,14989.767,9.615123047280042,0.21043013552767223,0.2745509929366055,0.036826176937194775,0.06537118657536518,5.578
Paraguay,PRY,2021,5.578,15400.944,9.642184085224331,0.17489096963728806,0.2284100527869175,0.01747885707797699,0.04980263608287324,5.738
Peru,PER,2014,5.824,14242.645,9.563995912099637,0.28668936872980005,-0.1651023660535421,-0.0826677449972622,-0.11456810313753212,5.743
Peru,PER,2015,5.743,14540.831,9.584715902136614,0.33031801227809743,0.3044655513833573,-0.027997200191543475,-0.06919951642677545,5.715
Peru,PER,2016,5.715,14915.437,9.610151995882688,0.25669467629034615,0.3479776363968152,-0.009567388894262433,-0.014753964674576304,5.663
Peru,PER,2017,5.663,15067.489,9.620294655308816,0.23124463422050565,0.2745509929366055,0.013057255569539421,0.0035999999390051237,5.697
Peru,PER,2018,5.697,15384.185,9.64109531267733,0.1839802703765173,0.2491689433454213,0.022078847710391845,0.026131534157412584,5.7968
Peru,PER,2019,5.7968,15461.457,9.64610556090908,0.21488389288989435,0.20203085124750897,0.040580410185903026,0.035115998525520255,5.84
Peru,PER,2020,5.84,13607.764,9.518395791185746,0.30559511426739594,0.2328519114653748,0.045036876105959356,0.05354141903004795,5.559
Peru,PER,2021,5.559,15285.7705,9.634677641952061,0.3448608934608632,0.32332078822252275,-0.0685571436121937,0.057979544655914365,5.526
Philippines,PHL,2014,5.073,7340.362,8.901143439193518,-0.4322743197431819,-0.5576176329457765,-0.699100555288354,-0.7249698301653114,5.279
Philippines,PHL,2015,5.279,7691.763,8.947905295001545,-0.35228847323797013,-0.41257734956758346,-0.6175846455423835,-0.6830954377812393,5.43
Philippines,PHL,2016,5.43,8131.825,9.003540654595382,-0.16504887800986137,-0.3328051937095773,-0.5759913736868164,-0.6019150014334094,5.524
Philippines,PHL,2017,5.524,8584.136,9.057671127614665,-0.027800436847509647,-0.14606582886015435,-0.5265053856655406,-0.5604929039693526,5.631
Philippines,PHL,2018,5.631,9016.286,9.106787776600706,0.0576389901012395,-0.009184061421984966,-0.4783579492334949,-0.511210572297047,6.006
Philippines,PHL,2019,6.006,9452.294,9.154012742351204,0.15489450801098573,0.07602710506270366,-0.43467015928996156,-0.4632612834924025,5.88
Philippines,PHL,2020,5.88,8455.185,9.042535141637362,0.49574328573205834,0.17302279457187036,-0.3926649649945476,-0.41975328779265886,5.904
Philippines,PHL,2021,5.904,8857.79,9.089052576818963,0.38121809641777765,0.51296095873951,-0.4918209559657452,-0.3779209631286304,5.523
Poland,POL,2014,5.791,30334.879,10.320053451576618,0.3285001521302519,0.3289410992034275,0.6030198211672263,0.6003727545358907,5.835
Poland,POL,2015,5.835,31700.37,10.364083631721545,0.3003233198386435,0.346164632854588,0.6444933636350308,0.6136661473802371,5.973
Poland,POL,2016,5.973,32675.305,10.39437487280234,0.34031624309124897,0.3180630779500634,0.6836568917066261,0.6549690081950003,6.123
Poland,POL,2017,6.123,34354.598,10.4444911460432,0.4657485932926036,0.3579491558790661,0.7106000444824347,0.6939713613268041,6.182
Poland,POL,2018,6.182,36500.41,10.505078772384207,0.602088104381033,0.4830464002927574,0.755176970296768,0.7208036313185465,6.1863
Poland,POL,2019,6.1863,38181.62,10.55010952697152,0.6557149787424819,0.6190216659598136,0.8090678514420891,0.7651971037085336,6.166
Poland,POL,2020,6.166,37852.8,10.541460232351417,0.65962337806035,0.6725052704555223,0.8491213605478994,0.8188662004551656,6.123
Poland,POL,2021,6.123,41059.586,10.622779607716442,0.641172097559716,0.676403228071311,0.8414280717278465,0.8587548719624131,6.26
Portugal,PRT,2014,5.102,35097.41,10.465882617557613,-0.32683843116813044,-0.10255374384669644,0.7667531059482314,0.8097647164055407,5.123
Portugal,PRT,2015,5.123,35803.36,10.485797022733314,-0.32592950109420726,-0.30742314411839394,0.7742040442807919,0.7767255985304162,5.195
Portugal,PRT,2016,5.195,36636.297,10.508794749270235,-0.3068419695418273,-0.30651664234727993,0.7919173119431214,0.7841458730133116,5.41
Portugal,PRT,2017,5.41,37943.113,10.543843290729258,-0.2413990042193813,-0.28748010515389216,0.8123731017183843,0.8017862428804331,5.693
Portugal,PRT,2018,5.693,39123.613,10.574481476734839,-0.04597903832596646,-0.22221197763370532,0.8435477308655025,0.8221578481900016,5.9109
Portugal,PRT,2019,5.9109,40188.285,10.601330814226214,0.2112481725942025,-0.027314096844258694,0.8707994807730154,0.8532041801886447,5.929
Portugal,PRT,2020,5.929,36852.23,10.514671411390287,0.409304035701994,0.22922590438091955,0.8946811632709318,0.880343777300768,6.016
Portugal,PRT,2021,6.016,38657.668,10.562500430197996,0.42575567003999815,0.4267526403065962,0.8176002168732254,0.9041271762954289,5.968
Romania,ROU,2014,5.124,28156.13,10.245520371850478,-0.3886456761948846,-0.23762250774263863,0.5332105261162774,0.5234968228253745,5.528
Romania,ROU,2015,5.528,29181.879,10.28130321342376,-0.30593303946790495,-0.3690652645541256,0.5781984188832916,0.5441441479198731,5.825
Romania,ROU,2016,5.825,30189.148,10.315237801037338,0.06127471039693053,-0.286573603382779,0.61002618601538,0.5889468959549108,5.945
Romania,ROU,2017,5.945,32852.637,10.399787294663577,0.33122694235202055,0.07965311214715808,0.640209986541017,0.6206436779918404,6.07
Romania,ROU,2018,6.07,34828.895,10.458202637332809,0.4402985512227639,0.34888413816792924,0.7154142318148548,0.650703259059427,6.1237
Romania,ROU,2019,6.1237,36399.473,10.502309575498046,0.5539148104631214,0.457664350701574,0.7673729316182184,0.7255980061776871,6.14
Romania,ROU,2020,6.14,35283.605,10.47117368744013,0.6027243554327791,0.5709770720907872,0.8066047336526552,0.7773428733483743,6.477
Romania,ROU,2021,6.477,37534.0,10.533002467851217,0.6175399156377211,0.6196562171995933,0.7789102926583973,0.8164132194659883,6.589
Russia,RUS,2014,5.716,35853.246,10.487189385861967,0.003103185665868235,-0.14153332000458593,0.7903592731689633,0.7675158657389938,5.856
Russia,RUS,2015,5.856,35037.152,10.464164263208236,0.23215356429442882,0.02163699879588166,0.7931557772933739,0.8002346161130063,5.963
Russia,RUS,2016,5.963,35005.445,10.463258899800142,0.359403774643629,0.2500754451165353,0.7726756194917663,0.803019611407491,5.81
Russia,RUS,2017,5.81,35570.703,10.479277628593136,0.4566592925533752,0.37698569307245383,0.771870325824305,0.7826237383565974,5.648
Russia,RUS,2018,5.648,36536.695,10.506072377018048,0.31759299124317714,0.47398138258162054,0.7861185058837725,0.7818217588225851,5.546
Russia,RUS,2019,5.546,37319.32,10.527266434002138,0.17034631926767385,0.33528661160122314,0.8099516330401071,0.7960113014283732,5.477
Russia,RUS,2020,5.477,36376.336,10.501673732321654,0.07763545172754265,0.18843332468080287,0.8288031127050844,0.8197463449077866,5.459
Russia,RUS,2021,5.459,38638.43,10.562002656030995,0.014919276626865327,0.0959701440272054,0.806039170168568,0.8385202425404601,5.661
Rwanda,RWA,2014,3.465,2176.095,7.685287265111082,-1.586615513625215,-1.1205552328073882,-1.7462374424685747,-1.7781372528661958,3.515
Rwanda,RWA,2015,3.515,2313.0972,7.7463426846947865,-1.8138480321059298,-1.5638345988819902,-1.6990523399275852,-1.725922901550062,3.471
Rwanda,RWA,2016,3.471,2386.7483,7.777687174612256,-1.7684015284097867,-1.7904600416604166,-1.6447453706869677,-1.6789319862142493,3.408
Rwanda,RWA,2017,3.408,2441.0854,7.80019805544259,-1.8083944516623927,-1.745134953104731,-1.616865384578983,-1.624848513755679,3.334
Rwanda,RWA,2018,3.334,2577.6973,7.854651760003247,-1.865657046319533,-1.7850210310337342,-1.5968426294956906,-1.5970832659081016,3.3123
Rwanda,RWA,2019,3.3123,2753.5396,7.920642490295144,-1.9329178717898243,-1.842130642613898,-1.5484076882770974,-1.5771429131645345,3.415
Rwanda,RWA,2020,3.415,2617.707,7.8700540227123446,-1.9526416543939504,-1.909211773676312,-1.489710907801864,-1.5289073027804985,3.268
Saudi Arabia,SAU,2014,6.411,58872.266,10.983125392873168,0.9265761407714943,1.0487035054677103,1.2432867564543602,1.2389050449608365,6.379
Saudi Arabia,SAU,2015,6.379,58498.54,10.976757075643553,0.8638599656708161,0.9426427982474067,1.2342760195537406,1.2512981059472779,6.344
Saudi Arabia,SAU,2016,6.344,57308.45,10.956203361289267,0.8347742033052846,0.8800941760405603,1.2286115918868556,1.2423244521453713,6.371
Saudi Arabia,SAU,2017,6.371,57942.547,10.96720722962537,0.8029616507179852,0.8510861193649216,1.2103296778351742,1.236683336060285,6.375
Saudi Arabia,SAU,2018,6.375,61359.465,11.024504716967925,0.8275027627139026,0.8193585573759427,1.2201172895382966,1.2184766600308565,6.4065
Saudi Arabia,SAU,2019,6.4065,62647.73,11.045282726627079,0.8311384830095936,0.8438341051960129,1.2710816904693378,1.2282239914577977,6.494
Saudi Arabia,SAU,2020,6.494,57420.734,10.958160736595792,0.859769780338164,0.8474601122804672,1.2895631084848822,1.2789786517281774,6.523
Saudi Arabia,SAU,2021,6.523,62690.496,11.045965136184394,0.9393011618064138,0.8760149180705492,1.2120707046152464,1.2973840106759467,6.463
Senegal,SEN,2014,3.904,3484.0122,8.15593983968842,-1.3648365755880367,-0.9301898608735101,-1.300796692642882,-1.2933695832858343,4.219
Senegal,SEN,2015,4.219,3593.7947,8.186963942729175,-1.414827729653794,-1.342648166730246,-1.2804209544606866,-1.2823153340133233,4.535
Senegal,SEN,2016,4.535,3710.0554,8.218802088104546,-1.1285147563680928,-1.3925057641414997,-1.2528259428951332,-1.262023450849724,4.631
Senegal,SEN,2017,4.631,3871.4514,8.26138475447406,-0.8412928530084692,-1.1069577062406821,-1.2245068650250983,-1.234542004750476,4.681
Senegal,SEN,2018,4.681,3998.2864,8.293621148312532,-0.7540355659118745,-0.8205031465687512,-1.186630857154212,-1.206339472194293,4.9808
Senegal,SEN,2019,4.9808,4070.6123,8.31154870938178,-0.7085890622157317,-0.7334789765418354,-1.1579575491898917,-1.168619340557973,5.132
Senegal,SEN,2020,5.132,4018.0413,8.298549824067699,-0.4360918260536579,-0.6881538879861503,-1.1420115199236083,-1.1400640357183027,5.046
Senegal,SEN,2021,5.046,4173.6772,8.336552748757736,-0.29866159887652205,-0.41638465700626104,-1.1535736395475071,-1.124183631293127,4.855
Serbia,SRB,2014,5.123,17922.436,9.793808614790256,-0.5886102924579144,-0.7942145952064539,0.1799496974852279,0.1919811471332895,5.177
Serbia,SRB,2015,5.177,18247.809,9.811800297008963,-0.3068419695418273,-0.5684956541991414,0.17641432398138482,0.19233714113759073,5.395
Serbia,SRB,2016,5.395,18889.38,9.846355138358186,-0.25775974554999337,-0.28748010515389216,0.19241738709192077,0.18881631723230732,5.398
Serbia,SRB,2017,5.398,19438.992,9.875036224818224,-0.05961298943480989,-0.23852900951375264,0.22315288476046086,0.2047535207826779,5.603
Serbia,SRB,2018,5.603,20454.227,9.9259448393781,-0.0568861992130412,-0.0409116234109648,0.24866385316904574,0.23536252851963851,5.7782
Serbia,SRB,2019,5.7782,21541.127,9.977719270604437,0.12944446594114523,-0.03819211809762357,0.29394554288367286,0.26076850820530345,6.078
Serbia,SRB,2020,6.078,21479.078,9.974834624051647,0.28868901489243054,0.14764074498068616,0.33999735062212244,0.30586384408582074,6.178
Serbia,SRB,2021,6.178,23406.307,10.060760794943661,0.5611862510545044,0.3064598552798076,0.3374315438079109,0.3517261286197734,6.144
Sierra Leone,SLE,2014,4.507,2812.5283,7.941839108684274,-1.0385306790497304,-1.6807733273556582,-1.4770780417853846,-1.5245089477949383,4.635
Sierra Leone,SLE,2015,4.635,2628.1707,7.874043331832959,-0.8667428950783097,-1.0172140309004258,-1.4708571498437282,-1.4578712087863448,4.709
Sierra Leone,SLE,2016,4.709,2732.261,7.912884750534587,-0.7503998456161834,-0.8458851961599354,-1.5311594652354124,-1.4516759185188357,4.571
Sierra Leone,SLE,2017,4.571,2753.4272,7.92060166927548,-0.683139020145892,-0.729852969457381,-1.496611185245305,-1.5117300636732833,4.374
Sierra Leone,SLE,2018,4.374,2767.3801,7.925656339344358,-0.8085713703472466,-0.6627718383949669,-1.4897472168776902,-1.4773239648711713,3.9264
Sierra Leone,SLE,2019,3.9264,2852.6626,7.956008082740915,-0.9876305949100501,-0.7878690828086582,-1.4852512390623924,-1.4704882447166991,3.849
Sierra Leone,SLE,2020,3.849,2752.6262,7.920310716773766,-1.3944676959979219,-0.9664499317180583,-1.458254271286646,-1.4660107698042135,3.574
Sierra Leone,SLE,2021,3.574,2849.3887,7.954859759028093,-1.4648188837195513,-1.3722001244685527,-1.4900060104240909,-1.4391249062846476,3.138
Singapore,SGP,2014,6.798,107990.89,11.589802150696688,0.9865655256504029,1.0051914204542525,1.7236640040481606,1.7129871137711026,6.739
Singapore,SGP,2015,6.739,109894.04,11.607271907801954,1.2156159042789634,1.0024719151409112,1.7738968468408396,1.7296983923792395,6.572
Singapore,SGP,2016,6.572,112719.945,11.632661658637737,1.1619890299175146,1.2309103614615649,1.7894356731764127,1.7797245051909563,6.343
Singapore,SGP,2017,6.343,117492.97,11.674133780989244,1.0101977075723971,1.177426756965856,1.8120190970078631,1.7951993825024657,6.262
Singapore,SGP,2018,6.262,120668.89,11.700805627384417,0.802052720644062,1.0260409611898673,1.8489073091967703,1.8176898657293397,6.3771
Singapore,SGP,2019,6.3771,120678.34,11.700883937792247,0.7284293846563099,0.8184520556048286,1.8726311186742786,1.8544262668922409,6.377
Singapore,SGP,2020,6.377,116684.21,11.667226504921409,0.833047236164832,0.7450254121446181,1.872700773439379,1.8780524425825895,6.48
Singapore,SGP,2021,6.48,133990.19,11.805521867297918,0.832956343157439,0.8493637659998065,1.842763493766297,1.8781218106880575,6.587
Slovakia,SVK,2014,5.995,31888.805,10.370010286740058,0.46211287299691256,0.19659184062082652,0.6607474658691057,0.6588717875044378,6.078
Slovakia,SVK,2015,6.078,33507.793,10.419533317625396,0.48574505491890674,0.479420393208303,0.6889284740491056,0.6711562177338064,6.098
Slovakia,SVK,2016,6.098,34116.45,10.437534951643954,0.5611862510545044,0.5029894392572591,0.732977728535107,0.6992212488167386,6.173
Slovakia,SVK,2017,6.173,35042.785,10.46432502248552,0.5793648525329611,0.5782290862596969,0.748989643473902,0.7430892214752535,6.198
Slovakia,SVK,2018,6.198,36415.793,10.50275783315526,0.6475346080771758,0.5963591216819706,0.7728186100597803,0.7590352404247624,6.2806
Slovakia,SVK,2019,6.2806,37194.21,10.523908382985983,0.6702578599252477,0.6643467545154987,0.807003445429073,0.7827661404562753,6.331
Slovakia,SVK,2020,6.331,36201.49,10.496855557187798,0.7453354840312754,0.6870092987933417,0.825816226782652,0.8168102903701527,6.391
Slovakia,SVK,2021,6.391,38330.305,10.553996115556613,0.7911455597569881,0.7618863450873332,0.8017535475232023,0.835545648951799,6.469
Slovenia,SVN,2014,5.848,37662.258,10.536413757928369,0.5448255097238922,0.4368148099659583,0.8221377281310466,0.8599528000980105,5.768
Slovenia,SVN,2015,5.768,38534.645,10.55931298576535,0.3521323340522461,0.5619120543796495,0.8369393836943405,0.8318822889209431,5.758
Slovenia,SVN,2016,5.758,39674.895,10.588473898888273,0.2794179281384172,0.3697336789035442,0.8573075618226059,0.8466230292383005,5.948
Slovenia,SVN,2017,5.948,41700.652,10.638272043156267,0.2703286273991888,0.29721353721444765,0.8832453216937629,0.8669073834608778,6.118
Slovenia,SVN,2018,6.118,43369.223,10.677505321059057,0.4430253414445326,0.2881485195033108,0.9275392813035923,0.8927383981767485,6.3634
Slovenia,SVN,2019,6.3634,44577.94,10.704994396809829,0.5975434540114187,0.4603838560149152,0.9624361083306247,0.9368500688911499,6.461
Slovenia,SVN,2020,6.461,42471.523,10.656589083271829,0.8205948941520887,0.6144891571042451,0.9868868188724391,0.9716032803076399,6.63
Slovenia,SVN,2021,6.63,45922.664,10.734714043247987,0.9093064693669598,0.8369446917355486,0.9438317405302665,0.9959533655484796,6.65
South Africa,ZAF,2014,4.642,14643.339,9.591740835280925,-0.45227078136948506,-0.30742314411839394,-0.008165731670810672,-0.0029160205913301897,4.459
South Africa,ZAF,2015,4.459,14541.675,9.584773943902357,-0.7440373350987229,-0.43252038853208524,-0.0033189210139869295,0.004995888733775355,4.829
South Africa,ZAF,2016,4.829,14501.281,9.581992269334078,-0.910371538626607,-0.7235074570595845,-0.00951576247995859,0.009822752658160537,4.724
South Africa,ZAF,2017,4.724,14573.598,9.586966814482158,-0.5740674112751486,-0.8893972811733933,-0.011989978794365239,0.0036514138881755423,4.722
South Africa,ZAF,2018,4.722,14553.562,9.58559105363488,-0.6695050690370485,-0.5539916258613221,-0.0075652696991719585,0.0011873800492796947,4.8141
South Africa,ZAF,2019,4.8141,14352.67,9.571691266598016,-0.6713229291848941,-0.6491743118282608,-0.008788967816800027,0.005593879543419954,4.956
South Africa,ZAF,2020,4.956,13250.566,9.491795547483155,-0.5876104693765992,-0.650987315370488,-0.02115241257254786,0.004375217475405983,5.194
South Africa,ZAF,2021,5.194,13681.955,9.523833090322697,-0.4586332918869448,-0.5674985022509162,-0.09221726463665202,-0.007937346331606077,5.275
South Korea,KOR,2014,5.984,43806.926,10.687547211717527,0.732974035025925,0.18390081582523443,0.9240560828162987,0.9157532966066454,5.835
South Korea,KOR,2015,5.835,44849.105,10.711058911880919,0.4757468241057552,0.7495579210001874,0.9713680696671539,0.9333812052795457,5.838
South Korea,KOR,2016,5.838,46088.242,10.738313142222943,0.34031624309124897,0.49301791977500825,0.9922810236075885,0.9804984827411406,5.875
South Korea,KOR,2017,5.875,47536.79,10.769259216547802,0.34304303331301766,0.3579491558790661,1.0165228461837457,1.0013253707866423,5.895
South Korea,KOR,2018,5.895,48834.445,10.79619118301716,0.37667344604816344,0.3606686611924073,1.0440484535407466,1.0254674277265932,5.8724
South Korea,KOR,2019,5.8724,49790.867,10.81558685261979,0.39485204752662023,0.39420922672361436,1.068003632042725,1.0528797552457723,5.845
South Korea,KOR,2020,5.845,49374.094,10.807181152667983,0.37431022785596385,0.41233926214588806,1.0852554999308341,1.0767363477764946,5.935
South Korea,KOR,2021,5.935,51718.25,10.853565996273126,0.3494055438304774,0.39185232211871857,1.0777788812810714,1.0939172167300064,5.951
Spain,ESP,2014,6.329,41339.41,10.629571561242285,0.782965189091682,1.1973697959303577,0.9132058022671911,0.948900873754344,6.361
Spain,ESP,2015,6.361,43053.76,10.670204846343909,0.7893276996091417,0.7994155184114409,0.919800462916907,0.9225755783507918,6.403
Spain,ESP,2016,6.403,44274.668,10.698167964034552,0.8184134619746734,0.8057610308092366,0.9559425544659443,0.9291430991056746,6.31
Spain,ESP,2017,6.31,45446.25,10.724285587950806,0.8565885250794333,0.8347690874848751,0.9808149111322609,0.965136450239428,6.354
Spain,ESP,2018,6.354,46325.21,10.743441584332707,0.7720580282046073,0.8728421618716506,1.0040457562943934,0.989906446347706,6.4009
Spain,ESP,2019,6.4009,46896.418,10.755696576251108,0.8120509514572136,0.788537497158076,1.021084442022514,1.0130416864850955,6.491
Spain,ESP,2020,6.491,41553.45,10.634735829327562,0.8546797719241956,0.8284235750870795,1.0319848907246012,1.0300102506158633,6.476
Spain,ESP,2021,6.476,44251.664,10.697648254248817,0.9365743715846451,0.8709385081523122,0.9243939248891561,1.0408658392338423,6.436
Sri Lanka,LKA,2014,4.271,12909.966,9.46575485021987,-1.190322001394848,-1.0697911336250205,-0.22230408220088765,-0.2748662845792086,4.415
Sri Lanka,LKA,2015,4.415,13329.779,9.497755833890533,-1.0812503925241046,-1.1685998266764146,-0.11537968584223687,-0.20826118941219382,4.44
Sri Lanka,LKA,2016,4.44,13845.614,9.535723782761835,-0.9503644618792125,-1.0598196141427698,-0.08691576817986363,-0.1017768334174714,4.471
Sri Lanka,LKA,2017,4.471,14572.485,9.586890440583097,-0.9276412100311406,-0.929283359102396,-0.05314441347389345,-0.07343005714764778,4.366
Sri Lanka,LKA,2018,4.366,14759.825,9.599664241715612,-0.8994643777395323,-0.906620814824553,-0.007633201997653769,-0.03979768624445093,4.327
Sri Lanka,LKA,2019,4.327,14637.444,9.591338182108732,-0.994902035501433,-0.8785192599200284,0.003728711980157422,0.005526226815872042,4.325
Sri Lanka,LKA,2020,4.325,13886.651,9.538683297965708,-1.0303503083844243,-0.9737019458869679,-0.00367706896524201,0.016841381579397387,4.362
Sri Lanka,LKA,2021,4.362,14316.135,9.569142501849836,-1.03216816853227,-1.0090555149604021,-0.050512013234246735,0.009466078641387928,4.442
Sweden,SWE,2014,7.364,57077.668,10.952168215815753,1.8355062146943546,1.7575878904786275,1.1928515766800736,1.2113017665736219,7.291
Sweden,SWE,2015,7.291,58955.64,10.984540575689277,1.7300703261193022,1.8491445693611126,1.2067405366482706,1.2010704888585755,7.284
Sweden,SWE,2016,7.284,59460.29,10.993063973768583,1.6637184307229338,1.743990363911922,1.2355347823333314,1.2149022897198978,7.314
Sweden,SWE,2017,7.314,59769.01,10.998242578187732,1.6573559202054733,1.6778157346206222,1.243116089946554,1.2435780345690237,7.343
Sweden,SWE,2018,7.343,60124.57,11.004173855615337,1.6846238224231593,1.6714702222228257,1.2477223036589087,1.2511281418063287,7.3535
Sweden,SWE,2019,7.3535,61070.523,11.019784590123527,1.7109827945669223,1.698665275356237,1.2529979974959955,1.2557153989472427,7.363
Sweden,SWE,2020,7.363,59458.28,10.99303016912394,1.7205265603431126,1.7249538267185345,1.2668832788443198,1.2609693810111973,7.384
Sweden,SWE,2021,7.384,62190.85,11.037963161796782,1.7291613960453798,1.7344720953152286,1.243086021726414,1.2747975183917661,7.395
Switzerland,CHE,2014,7.587,78086.68,11.26557477070619,1.9900243272612408,1.8663681030122723,1.4680628221289946,1.4746527120389266,7.509
Switzerland,CHE,2015,7.509,78325.75,11.268631691261302,1.9327617326041,2.0032498704504422,1.4855062916343444,1.4751491204164786,7.494
Switzerland,CHE,2016,7.494,78956.07,11.27664690083222,1.8618651868381173,1.9461402588702783,1.4882253310200273,1.4925208024632994,7.487
Switzerland,CHE,2017,7.487,79333.74,11.281418790022784,1.848231235729274,1.8754331207234098,1.4953546201575503,1.495228651820125,7.48
Switzerland,CHE,2018,7.48,81371.89,11.306785160654579,1.8418687252118142,1.8618355941567037,1.4995990728410054,1.50232860083422,7.5599
Switzerland,CHE,2019,7.5599,81694.63,11.310743550413722,1.8355062146943546,1.8554900817589082,1.5221617006804298,1.5065555857501018,7.571
Switzerland,CHE,2020,7.571,79270.875,11.280626063994072,1.9081297276007905,1.8491445693611126,1.5256825699555552,1.5290253585694955,7.512
Switzerland,CHE,2021,7.512,83524.984,11.332901075665525,1.918218851421334,1.9215740608730971,1.4988939667529464,1.5325317379372665,7.24
Tajikistan,TJK,2014,4.786,2943.0886,7.987214853115009,-0.9821770144665127,-0.7488895066507687,-1.5071445824460448,-1.530701771076072,4.996
Tajikistan,TJK,2015,4.996,3041.4448,8.020087944656398,-0.6131514044538318,-0.9610109210913759,-1.4304967825926,-1.487814012564264,5.041
Tajikistan,TJK,2016,5.041,3169.9668,8.061476393630363,-0.4222760889300303,-0.5929712020192116,-1.4012571510684118,-1.411481651720909,5.352
Tajikistan,TJK,2017,5.352,3312.712,8.105522468246566,-0.3813742356035017,-0.4026058300853326,-1.364443363845731,-1.3823623539889627,5.467
Tajikistan,TJK,2018,5.467,3479.6924,8.154699178057225,-0.0986969826134922,-0.3618132503852159,-1.325265698117421,-1.3457000715012042,5.5557
Tajikistan,TJK,2019,5.5557,3649.8838,8.202450610453335,0.005829975887636112,-0.07989119956885347,-1.2815244858671158,-1.306683638895288,5.466
Tajikistan,TJK,2020,5.466,3724.749,8.222754745993019,0.08645207344459402,0.024356504109222077,-1.2390510152397336,-1.263122440744784,5.377
Tajikistan,TJK,2021,5.377,3985.9126,8.290521573788743,0.004921045813713755,0.10476321120700798,-1.2209910940774649,-1.2208237669094217,5.33
Tanzania,TZA,2014,3.781,3027.569,8.015515266249285,-1.5366243595594573,-1.4867819483373252,-1.4677137495712578,-1.4620735644437997,3.666
Tanzania,TZA,2015,3.666,3111.4446,8.042842398933521,-1.5266261287463059,-1.5139770014707363,-1.4053244117193993,-1.4485454547047132,3.349
Tanzania,TZA,2016,3.349,3214.2468,8.075348332397246,-1.631153087247435,-1.5040054819884854,-1.3810177446907248,-1.3864128760946042,3.303
Tanzania,TZA,2017,3.303,3318.2883,8.107204356668285,-1.9192839206809813,-1.6082531856665618,-1.3521046892930477,-1.3622062415652416,3.231
Tanzania,TZA,2018,3.231,3392.6887,8.129378012859265,-1.9610947040814333,-1.8956142471096062,-1.3237697086801645,-1.3334121759571054,3.4762
Tanzania,TZA,2019,3.4762,3484.6326,8.156117894394736,-2.0265376694038792,-1.9373133285808368,-1.3040469048254688,-1.3051938061047728,3.623
Tanzania,TZA,2020,3.623,3449.8215,8.146077769556456,-1.8036680152779938,-2.002581456101024,-1.280262580125943,-1.2855521701601282,3.702
Tanzania,TZA,2021,3.702,3493.083,8.158540006333858,-1.6702370804261177,-1.780307221823943,-1.2891929708182377,-1.2618657282942027,3.694
Thailand,THA,2014,6.455,18326.605,9.816109108185517,0.8275027627139026,0.32984760097454147,0.17388671140240108,0.12984708343394435,6.474
Thailand,THA,2015,6.474,18814.041,9.842358731757757,0.9038528889234224,0.8438341051960129,0.19624994573494042,0.18629910687767093,6.424
Thailand,THA,2016,6.424,19372.713,9.871620808544753,0.9211225603279569,0.9199802539695637,0.21959820064228944,0.2085703067811236,6.072
Thailand,THA,2017,6.072,20096.861,9.908318912697267,0.875676056631814,0.9372037876207243,0.24562594256631834,0.23182247347159776,6.008
Thailand,THA,2018,6.008,20882.17,9.946650963799582,0.555732670610967,0.8918786990650391,0.27826780838246057,0.25774309992508365,5.9988
Thailand,THA,2019,5.9988,21280.15,9.965529992302917,0.49756114587990385,0.5727900756330144,0.31236302113076253,0.2902506302761477,5.985
Thailand,THA,2020,5.985,19950.285,9.900998707930256,0.48919898919981364,0.5147739622817372,0.32915535221642084,0.32420552640507266,5.891
Thailand,THA,2021,5.891,20236.977,9.91526675453892,0.47665575417967837,0.5064341459874913,0.27175670522687495,0.3409287497498058,5.843
Togo,TGO,2014,2.839,2501.4326,7.824618886731568,-2.294672041211123,-2.2056378528304936,-1.637051216831522,-1.6507020678559898,3.303
Togo,TGO,2015,3.303,2588.2727,7.858746021012476,-2.3828382583816405,-2.269999478579567,-1.5751210306157966,-1.6171860246874847,3.495
Togo,TGO,2016,3.495,2648.901,7.881900115980265,-1.9610947040814333,-2.3579301503775962,-1.5447659655896224,-1.5555107081049633,3.999
Togo,TGO,2017,3.999,2708.6113,7.90419134710949,-1.786580129888244,-1.9373133285808368,-1.52417109077288,-1.5252805673646965,4.085
Togo,TGO,2018,4.085,2787.564,7.9329233751460615,-1.3284793726311224,-1.7632649885270053,-1.5043437075278818,-1.5047704494090455,4.1872
Togo,TGO,2019,4.1872,2862.6267,7.959494908891695,-1.2503113862737565,-1.3063880958856975,-1.4787874281108924,-1.485024664463743,4.107
Togo,TGO,2020,4.107,2861.2979,7.959030612061555,-1.1574187327188403,-1.228428943569919,-1.4551528437342867,-1.4595735602441668,4.112
Togo,TGO,2021,4.112,2952.0974,7.990271179756,-1.2303149246474534,-1.1357844625620983,-1.4555658218752092,-1.4360362424546502,4.137
Trinidad and Tobago,TTO,2014,6.168,39248.656,10.577672480586067,0.9620244136544855,0.7459319139157321,0.8188413955608771,0.7758376040555388,6.168
Trinidad and Tobago,TTO,2015,6.168,38963.965,10.570392523625378,0.6429899577075616,0.9779963673208409,0.8736377832394778,0.8285995221919961,6.168
Trinidad and Tobago,TTO,2016,6.168,35914.99,10.48891003607367,0.6429899577075616,0.6598142456599303,0.867162479303598,0.8831703989189599,6.192
Trinidad and Tobago,TTO,2017,6.192,34095.99,10.43693506104882,0.6429899577075616,0.6598142456599303,0.7946862441832567,0.8767217436731595,6.192
Trinidad and Tobago,TTO,2018,6.192,33710.02,10.425550401523688,0.6648042794817103,0.6598142456599303,0.7484560587353177,0.80454377976093,6.1919
Trinidad and Tobago,TTO,2019,6.1919,33748.707,10.426697384455675,0.6648042794817103,0.6815702881666592,0.7383297446609615,0.7585038516192912,5.905
Tunisia,TUN,2014,4.739,12824.003,9.459073928225731,-0.5767942014969173,-0.27116307327384565,-0.14862120798604397,-0.16146541393185213,5.045
Tunisia,TUN,2015,5.045,12802.792,9.45741855112191,-0.655871117928206,-0.5567111311746633,-0.12132216609556251,-0.1348815522497814,4.805
Tunisia,TUN,2016,4.805,12803.88,9.457503528974607,-0.37773851530781066,-0.6355767852615555,-0.12279457450863726,-0.1076948577817543,4.592
Tunisia,TUN,2017,4.592,12955.401,9.469268045817051,-0.5958817330492973,-0.3581872433007615,-0.12271898925078378,-0.1091612065942514,4.461
Tunisia,TUN,2018,4.461,13163.195,9.485179956567748,-0.7894838387948666,-0.575747668368051,-0.11225480345614802,-0.10908593240258585,4.3922
Tunisia,TUN,2019,4.3922,13243.902,9.491292499062594,-0.9085536784787607,-0.7688325456152705,-0.09810163484983164,-0.09866481128057954,4.596
Tunisia,TUN,2020,4.596,11955.599,9.388954983195996,-0.9710880675646538,-0.8875842776311653,-0.09266471115799717,-0.08456988911451774,4.516
Tunisia,TUN,2021,4.516,12444.326,9.429020055038574,-0.7858481184991748,-0.9499515994837887,-0.18369087008413892,-0.07915534072674374,4.497
Turkey,TUR,2014,5.332,24888.852,10.122175271357001,-0.10505949313095274,-0.18685840856027106,0.3794349786775976,0.3606986627044908,5.389
Turkey,TUR,2015,5.389,25984.803,10.165267146116902,-0.11687558409194983,-0.08623671196664992,0.4684866418755716,0.3910014536948905,5.5
Turkey,TUR,2016,5.5,26489.645,10.184509180892814,-0.06506656987834644,-0.09802123499112801,0.5068155753766863,0.4796866305939788,5.483
Turkey,TUR,2017,5.483,28194.688,10.246888870388249,0.03582466832709083,-0.04635063403764643,0.5239307896824326,0.5178578238747022,5.373
Turkey,TUR,2018,5.373,28780.303,10.267446508530483,0.02037285707040189,0.0542710625559747,0.5794156573938654,0.5349026016347368,5.1318
Turkey,TUR,2019,5.1318,28741.053,10.266081797792728,-0.07960945106111222,0.03886053244704138,0.5977010615375467,0.5901591249999611,4.948
Turkey,TUR,2020,4.948,28976.719,10.274247993454216,-0.2988433848913062,-0.06085466237546574,0.5964871921617737,0.608369276758144,4.744
Turkey,TUR,2021,4.744,32105.547,10.37678409792758,-0.46590473247832764,-0.27950288956809166,0.6037507789100934,0.6071604029824406,4.614
Turkmenistan,TKM,2014,5.548,12423.925,9.427379328107147,0.15216771778921703,1.0224149541054122,-0.28326830140793996,-0.34253238133831604,5.658
Turkmenistan,TKM,2015,5.658,12926.664,9.467047433836608,0.07945331187538816,0.17030328925852914,-0.1495135647538565,-0.26897451436012404,5.822
Turkmenistan,TKM,2016,5.822,13420.385,9.504530098638755,0.17943562000690308,0.09778314756943261,-0.11422997138291849,-0.13577023658164633,5.636
Turkmenistan,TKM,2017,5.636,13963.404,9.544195186133882,0.3285001521302519,0.19749834239194053,-0.08089026233913953,-0.1006318505328574,5.247
Turkmenistan,TKM,2018,5.247,14499.168,9.581846547452065,0.15943915838059994,0.346164632854588,-0.045609353597351236,-0.06742934888234425,5.1191
Turkmenistan,TKM,2019,5.1191,15080.903,9.621184520405778,-0.1941346403753929,0.17755530342743878,-0.012119594049131377,-0.032293636414289284,5.066
Turkmenistan,TKM,2020,5.066,15630.914,9.657005898993061,-0.31038679683012627,-0.17507388553579298,0.022870356093734636,0.0010582982176220355,5.474
Uganda,UGA,2014,3.931,2470.504,7.8121774573899385,-0.9249144198093728,-1.0217465397559944,-1.610054445035548,-1.5979309761463656,3.739
Uganda,UGA,2015,3.739,2520.02,7.8320221169819115,-1.390286617657877,-0.9039013095112126,-1.586187309828552,-1.5903003563411493,4.081
Uganda,UGA,2016,4.081,2554.2278,7.845505226037071,-1.5648011918510663,-1.3680302163214295,-1.5685360787765021,-1.5665314447689838,4.161
Uganda,UGA,2017,4.161,2543.8477,7.84143305631575,-1.2539471065694474,-1.5420785563752613,-1.5565432566205166,-1.5489528562045276,4.189
Uganda,UGA,2018,4.189,2613.88,7.86859098647396,-1.1812327006556194,-1.2320549506543734,-1.5601653297682605,-1.537009389724195,4.432
Uganda,UGA,2019,4.432,2689.4102,7.897077192050086,-1.1557826585857789,-1.1595348089652777,-1.536009163324776,-1.5406165564666618,4.636
Uganda,UGA,2020,4.636,2678.009,7.892828886962423,-0.9349126506225236,-1.1341527593740934,-1.5106715356325486,-1.5165598031471688,4.603
Uganda,UGA,2021,4.603,2684.9204,7.895406360321013,-0.7494909155422603,-0.9138728289934627,-1.5144502759195462,-1.4913264508054738,4.432
Ukraine,UKR,2014,4.681,16978.812,9.739721492753386,-0.3668313544207359,-0.318301165371758,0.17274933515805657,0.18194546736717568,4.324
Ukraine,UKR,2015,4.324,15403.71,9.642363668478694,-0.7085890622157317,-0.3473092220473966,0.1283054469513461,0.18516641143091359,4.096
Ukraine,UKR,2016,4.096,15856.8125,9.671354497688808,-1.033077098606193,-0.6881538879861503,0.04170857472822426,0.1409054291409714,4.103
Ukraine,UKR,2017,4.103,16310.36,9.69955576771972,-1.2403131554606048,-1.0117750202737434,0.06749505004701606,0.05466494068493955,4.332
Ukraine,UKR,2018,4.332,16978.984,9.739731622975029,-1.2339506449431452,-1.2184574240876682,0.09257923609565105,0.08034529345013142,4.5607
Ukraine,UKR,2019,4.5607,17636.555,9.777729015703692,-1.02580565801481,-1.2121119116898724,0.12831445748045084,0.10532624717075155,4.875
Ukraine,UKR,2020,4.875,17092.54,9.746397389992904,-0.817933350108652,-1.0045230061048338,0.16211200161672776,0.14091440258783258,5.084
Ukraine,UKR,2021,5.084,17846.408,9.789557534464812,-0.5322566278746969,-0.7972060510511294,0.13424345783575217,0.17457285514044765,5.071
United Arab Emirates,ARE,2014,6.901,74145.12,11.213779532858194,1.5301057098562731,1.3931741784909184,1.4334046281723505,1.4351601264583873,6.573
United Arab Emirates,ARE,2015,6.573,75238.555,11.228419078020549,1.3092357018930179,1.5445599742669072,1.4394359770283611,1.440633559991574,6.648
United Arab Emirates,ARE,2016,6.648,75671.04,11.234150803482056,1.0111066376463202,1.3242800438862763,1.4524574145067932,1.4466400872256167,6.774
United Arab Emirates,ARE,2017,6.774,72529.04,11.191742312367477,1.079276393190534,1.0269474629609814,1.4575556128396534,1.4596079358292735,6.825
United Arab Emirates,ARE,2018,6.825,72671.08,11.19369878520384,1.1938015825048147,1.0949350957945085,1.4198345286475613,1.4646851528601468,6.7908
United Arab Emirates,ARE,2019,6.7908,72822.945,11.195786363097874,1.2401570162748807,1.209154318954836,1.4215747527074214,1.4271193073243478,6.561
United Arab Emirates,ARE,2020,6.561,66808.62,11.109587393115714,1.2090716077467187,1.255385909281635,1.42343159079406,1.428852369605842,6.576
United Arab Emirates,ARE,2021,6.576,68580.13,11.135758121611499,1.0001994767592455,1.224383548709546,1.346760185645884,1.4307015659967102,6.571
United Kingdom,GBR,2014,6.867,49763.176,10.815030551742804,1.2928749605624066,1.3560076058752562,1.0545185579329734,1.0561811639727356,6.725
United Kingdom,GBR,2015,6.725,50462.832,10.828992344282481,1.2783320793796409,1.3079630120062298,1.0847606869425532,1.0633067706077681,6.714
United Kingdom,GBR,2016,6.714,51168.293,10.842875341852434,1.1492640088825943,1.2934589836684105,1.0971792837381518,1.0934244401122344,6.814
United Kingdom,GBR,2017,6.814,52429.13,10.867217631875596,1.1392657780694435,1.164735732170264,1.1095277947653401,1.1057919289844822,7.054
United Kingdom,GBR,2018,7.054,52983.04,10.877727141323334,1.2301587854617293,1.1547642126880138,1.1311795335388604,1.1180896205217186,7.1645
United Kingdom,GBR,2019,7.1645,53374.094,10.885080776147985,1.448302003203216,1.2454143897993841,1.1405274277995792,1.1396522529796171,7.064
United Kingdom,GBR,2020,7.064,47930.55,10.777508367155646,1.548738776371692,1.4629748148666737,1.1470682659913731,1.1489616765925463,6.943
United Kingdom,GBR,2021,6.943,51840.44,10.855925818644458,1.4573913039424444,1.5631432605747382,1.0513858262322442,1.1554755963923142,6.796
United States,USA,2014,7.119,63026.88,11.051316581043997,1.4737520452730557,1.6587791974272335,1.2679289875310298,1.262862494293849,7.104
United States,USA,2015,7.104,64367.72,11.072367544192536,1.5073824580082014,1.488356864457857,1.2949300414853622,1.2758389235327305,6.993
United States,USA,2016,6.993,65025.984,11.082542222843648,1.4937485068993588,1.5218974299890642,1.3136542434642842,1.3027288564144814,6.886
United States,USA,2017,6.886,66164.03,11.099892240780786,1.3928572686939216,1.5082999034223588,1.322704315747901,1.3213760001640966,6.892
United States,USA,2018,6.892,67728.445,11.123261533138365,1.2956017507841753,1.4076782068287377,1.3381366376754342,1.3303888274668028,6.9396
United States,USA,2019,6.9396,69121.46,11.143620525940042,1.3010553312277127,1.310682517319571,1.3589229241327425,1.3457576386822019,6.951
United States,USA,2020,6.951,67406.83,11.118501627077896,1.3443204027464408,1.3161215279462535,1.3770316391884938,1.3664583805363242,6.977
United States,USA,2021,6.977,71441.234,11.176630488637482,1.3546822055891607,1.359271012251266,1.354689130085029,1.384492570358969,6.894
Uruguay,URY,2014,6.485,28935.086,10.272810186182545,0.8129598815311367,0.4150587674592293,0.5393637725350671,0.5217528051669557,6.545
Uruguay,URY,2015,6.545,28941.62,10.273035976504051,0.9311207911411085,0.8293300768581935,0.6024718923540929,0.5502720710552431,6.454
Uruguay,URY,2016,6.454,29332.557,10.286453338532915,0.9856565955764798,0.9471753071029752,0.6026727260905324,0.6131204735323178,6.379
Uruguay,URY,2017,6.379,29762.422,10.301001870044098,0.9029439588494993,1.001565413369797,0.6146070682334572,0.6133204807506428,6.293
Uruguay,URY,2018,6.293,29757.928,10.300850862867275,0.8347742033052846,0.9190737521984498,0.6275475517918545,0.6252057078885859,6.4401
Uruguay,URY,2019,6.4401,30010.562,10.309304665350032,0.7566062169479192,0.8510861193649216,0.6274132354254651,0.6380929357327743,6.431
Uruguay,URY,2020,6.431,27788.176,10.232365885461924,0.8903098308219719,0.7731269670491435,0.6349326398375162,0.6379591721366109,6.474
Uruguay,URY,2021,6.474,29431.873,10.289833481744042,0.8820385671492738,0.9064733775799696,0.5664978967584707,0.6454476309313223,6.494
Uzbekistan,UZB,2014,6.003,7344.443,8.901699251831829,0.14762306741960285,-0.1950169245002947,-0.7222495166561788,-0.7556498833520983,5.987
Uzbekistan,UZB,2015,5.987,7792.236,8.960883132338047,0.49301649551028964,0.1657707804029607,-0.6170902668277977,-0.706149131111724,5.971
Uzbekistan,UZB,2016,5.971,8172.922,9.008581773851356,0.4784736143275239,0.5102414534261688,-0.5644479756093221,-0.6014226573021076,6.096
Uzbekistan,UZB,2017,6.096,8413.3,9.037569066014056,0.4639307331447581,0.4957374250883495,-0.5220214608929469,-0.5489970119920935,6.174
Uzbekistan,UZB,2018,6.174,8742.549,9.075957073725942,0.5775469923851156,0.4812333967505302,-0.49623813167201875,-0.5067451008237558,6.2576
Uzbekistan,UZB,2019,6.2576,9169.012,9.123584816806815,0.648443538151099,0.5945461181397435,-0.462093147193452,-0.4810678812088675,6.179
Uzbekistan,UZB,2020,6.179,9145.231,9.120987820210702,0.7244300923310498,0.6652532562866127,-0.4197296945117939,-0.4470634181819803,6.063
Uzbekistan,UZB,2021,6.063,9705.601,9.180458420527557,0.6529881885207132,0.7410368043517183,-0.4220396452946189,-0.4048743095206782,6.014
Vietnam,VNM,2014,5.36,8751.883,9.077024156199462,0.06581936076654554,-0.013716570277553398,-0.5432839096301606,-0.5650123695844229,5.061
Vietnam,VNM,2015,5.061,9248.024,9.132165186064501,-0.09142554202210931,0.08418562100272732,-0.4611440092551364,-0.5279200453430458,5.074
Vietnam,VNM,2016,5.074,9743.188,9.18432365314393,-0.36319563412504485,-0.07263918539994382,-0.41209771273970136,-0.4461181863588079,5.103
Vietnam,VNM,2017,5.103,10290.549,9.238981180174566,-0.3513795431640478,-0.3436832149629422,-0.36570431659839847,-0.3972737366706919,5.175
Vietnam,VNM,2018,5.175,10936.894,9.299897123416631,-0.3250205710202849,-0.3318986919384641,-0.31708808139012806,-0.3510712695186293,5.3535
Vietnam,VNM,2019,5.3535,11628.614,9.361224063862277,-0.25957760569783894,-0.3056101405761667,-0.2629051721829494,-0.30265511124847994,5.411
Vietnam,VNM,2020,5.411,11851.396,9.380200945531879,-0.09733358750260786,-0.24034201305597985,-0.20835669325820888,-0.24869518826239012,5.485
Vietnam,VNM,2021,5.485,12048.902,9.396728814435141,-0.045070108252044105,-0.07853144691218286,-0.1914773247084437,-0.19437120003701508,5.763
Zambia,ZMB,2014,5.129,3585.5774,8.184674800037062,-0.41318678819080196,-0.6663978454794214,-1.282839305286792,-1.300573001395866,4.795
Zambia,ZMB,2015,4.795,3576.9255,8.182258911533037,-0.30138838909829074,-0.39354081237419575,-1.2548620668398316,-1.2644318491110837,4.514
Zambia,ZMB,2016,4.514,3598.1716,8.188181106536064,-0.6049710337885257,-0.28204109452721055,-1.2570109273926116,-1.2365697491601746,4.377
Zambia,ZMB,2017,4.377,3612.5059,8.192156965637347,-0.8603803845608492,-0.5848126860791879,-1.251743312100485,-1.2387097662178133,4.107
Zambia,ZMB,2018,4.107,3646.9597,8.201649140569398,-0.9849038046882814,-0.8395396837621389,-1.2482069043681232,-1.2334638294520952,3.7594
Zambia,ZMB,2019,3.7594,3591.5642,8.186343096894559,-1.2303149246474534,-0.9637304264047171,-1.2397638987254425,-1.229941975574593,4.073
Zambia,ZMB,2020,4.073,3391.5955,8.129055738621561,-1.5462590183430398,-1.2084859046054173,-1.253378166692358,-1.2215337165697442,3.76
Zambia,ZMB,2021,3.76,3503.035,8.161385014583486,-1.2612185471608304,-1.5235859202445416,-1.3043335581190394,-1.2350919559067604,3.982
Zimbabwe,ZWE,2014,4.61,5081.1343,8.53328980304918,-0.5758852714229942,-1.3254246330790853,-0.9584728938638902,-1.0635618165611342,4.193
Zimbabwe,ZWE,2015,4.193,5102.7363,8.537532204243739,-0.7731230974642546,-0.5558046294035494,-0.9447794505138281,-0.9414003464516593,3.875
Zimbabwe,ZWE,2016,3.875,5070.4243,8.531179781446472,-1.152146938290088,-0.7525155137352232,-0.9410059615631319,-0.9277632575726102,3.692
Zimbabwe,ZWE,2017,3.692,5234.4067,8.563008783548597,-1.441186701797557,-1.1305267522896392,-0.9466562516079269,-0.9240052981690305,3.663
Zimbabwe,ZWE,2018,3.663,5415.493,8.59701919868886,-1.6075209053254405,-1.4187943155037972,-0.9183453064059224,-0.9296323348144864,3.2992
Zimbabwe,ZWE,2019,3.2992,4993.865,8.515965438035408,-1.6338798774692036,-1.5846841396176052,-0.8880940595636863,-0.9014379014568702,3.145
Zimbabwe,ZWE,2020,3.145,4527.7393,8.41797804313717,-1.96454863836234,-1.610972690979903,-0.960188954933437,-0.8713111516435916,2.995
Zimbabwe,ZWE,2021,2.995,4827.1094,8.482003099584315,-2.104705655761245,-1.940758035311069,-1.0473458113925345,-0.9431093451840474,3.204
